smiles,index,value,processed_strings
*CC(*)C,0,0.4343,CCC(C)C
*CC(*)F,1,0.874,CCC(C)F
*CC(*)(F)F,2,1.1415,CCC(C)(F)F
*C(F)C(*)(F)F,3,1.524,CC(F)C(C)(F)F
*CCC(F)(F)C(*)(F)F,4,0.4489,CCCC(F)(F)C(C)(F)F
*CC(F)(F)C(F)(F)C*,4,0.4489,CCC(F)(F)C(F)(F)CC
*C(F)(F)CCC(*)(F)F,4,0.4489,CC(F)(F)CCC(C)(F)F
*CO*,5,0.9897,COCO
*CCO*,6,0.3936,COCCO
*COC*,6,0.3936,CCOCC
*CC(O*)C(F)(F)F,7,0.7546,COC(CO)C(F)(F)F
*COC(*)C(F)(F)F,7,0.7546,CCOC(C)C(F)(F)F
*OCC(*)C(F)(F)F,7,0.7546,COCC(O)C(F)(F)F
*CCCO*,8,0.5672,COCCCO
*CCOC*,8,0.5672,CCCOCC
*Oc1ccc(Cc2ccc(*)cc2)cc1,9,1.1795,COc1ccc(Cc2ccc(O)cc2)cc1
*Cc1ccc(Oc2ccc(*)cc2)cc1,9,1.1795,CCc1ccc(Oc2ccc(C)cc2)cc1
*CCCCCOCO*,10,0.5413,COCOCCCCCO
*CCCCOCOC*,10,0.5413,CCCCCOCOCC
*CCCOCOCC*,10,0.5413,CCCCOCOCCC
*COCCCCCO*,10,0.5413,COCCCCCOCO
*CCOC(=O)NCCOCCOCCNC(=O)O*,11,0.573,COC(=O)NCCOCCOCCNC(=O)OCCO
*COC(=O)NCCOCCOCCNC(=O)OC*,11,0.573,CCOC(=O)NCCOCCOCCNC(=O)OCC
*OCCOC(=O)NCCOCCOCCNC(*)=O,11,0.573,COCCOC(=O)NCCOCCOCCNC(=O)O
*NCCOCCOCCNC(=O)OCCOC(*)=O,11,0.573,CNCCOCCOCCNC(=O)OCCOC(N)=O
*CCOCCOCCNC(=O)OCCOC(=O)N*,11,0.573,CNC(=O)OCCOC(=O)NCCOCCOCCN
*CNC(=O)OCCOC(=O)NCCOCCOC*,11,0.573,CCNC(=O)OCCOC(=O)NCCOCCOCC
*CCNC(=O)OCCOC(=O)NCCOCCO*,11,0.573,COCCOCCNC(=O)OCCOC(=O)NCCO
*CCOCCNC(=O)OCCOC(=O)NCCO*,11,0.573,COCCNC(=O)OCCOC(=O)NCCOCCO
*COCCNC(=O)OCCOC(=O)NCCOC*,11,0.573,CCOCCNC(=O)OCCOC(=O)NCCOCC
*c1ccc(-c2nc3cc4nc(*)oc4cc3o2)cc1,12,3.0398,Cc1ccc(-c2nc3cc4nc(C)oc4cc3o2)cc1
*CCCCCS*,13,0.5118,CSCCCCCS
*CCCCSC*,13,0.5118,CCCCCSCC
*CCCSCC*,13,0.5118,CCCCSCCC
*Sc1ccc(*)cc1,14,2.0372,CSc1ccc(S)cc1
*CCOC(=O)CCCCC(=O)O*,15,1.0754,COC(=O)CCCCC(=O)OCCO
*COC(=O)CCCCC(=O)OC*,15,1.0754,CCOC(=O)CCCCC(=O)OCC
*OCCOC(=O)CCCCC(*)=O,15,1.0754,COCCOC(=O)CCCCC(=O)O
*CCCCC(=O)OCCOC(*)=O,15,1.0754,CCCCCC(=O)OCCOC(C)=O
*CCCC(=O)OCCOC(=O)C*,15,1.0754,CCCCC(=O)OCCOC(=O)CC
*CCC(=O)OCCOC(=O)CC*,15,1.0754,CCCC(=O)OCCOC(=O)CCC
*CCOC(=O)CCCCCCC(=O)O*,16,0.8924,COC(=O)CCCCCCC(=O)OCCO
*COC(=O)CCCCCCC(=O)OC*,16,0.8924,CCOC(=O)CCCCCCC(=O)OCC
*OCCOC(=O)CCCCCCC(*)=O,16,0.8924,COCCOC(=O)CCCCCCC(=O)O
*CCCCCCC(=O)OCCOC(*)=O,16,0.8924,CCCCCCCC(=O)OCCOC(C)=O
*CCCCCC(=O)OCCOC(=O)C*,16,0.8924,CCCCCCC(=O)OCCOC(=O)CC
*CCCCC(=O)OCCOC(=O)CC*,16,0.8924,CCCCCC(=O)OCCOC(=O)CCC
*CCCC(=O)OCCOC(=O)CCC*,16,0.8924,CCCCC(=O)OCCOC(=O)CCCC
*CCOC(=O)c1ccc(C(=O)O*)cc1,17,2.2723,COC(=O)c1ccc(C(=O)OCCO)cc1
*COC(=O)c1ccc(C(=O)OC*)cc1,17,2.2723,CCOC(=O)c1ccc(C(=O)OCC)cc1
*OCCOC(=O)c1ccc(C(*)=O)cc1,17,2.2723,COCCOC(=O)c1ccc(C(=O)O)cc1
*C(=O)OCCOC(=O)c1ccc(*)cc1,17,2.2723,CC(=O)OCCOC(=O)c1ccc(C)cc1
*CCCCOC(=O)c1ccc(C(=O)O*)cc1,18,2.4936,COC(=O)c1ccc(C(=O)OCCCCO)cc1
*CCCOC(=O)c1ccc(C(=O)OC*)cc1,18,2.4936,CCCCOC(=O)c1ccc(C(=O)OCC)cc1
*CCOC(=O)c1ccc(C(=O)OCC*)cc1,18,2.4936,CCCOC(=O)c1ccc(C(=O)OCCC)cc1
*OCCCCOC(=O)c1ccc(C(*)=O)cc1,18,2.4936,COCCCCOC(=O)c1ccc(C(=O)O)cc1
*C(=O)OCCCCOC(=O)c1ccc(*)cc1,18,2.4936,CC(=O)OCCCCOC(=O)c1ccc(C)cc1
*CC(=O)O*,19,1.2063,COC(=O)CO
*COC(*)=O,19,1.2063,CCOC(C)=O
*OCC(*)=O,19,1.2063,COCC(=O)O
*CCCCCC(=O)O*,20,0.5062,COC(=O)CCCCCO
*CCCCC(=O)OC*,20,0.5062,CCCCCC(=O)OCC
*CCCC(=O)OCC*,20,0.5062,CCCCC(=O)OCCC
*CCCOC(=O)CC*,20,0.5062,CCCCOC(=O)CCC
*CCCCOC(=O)C*,20,0.5062,CCCCCOC(=O)CC
*CCCCCOC(*)=O,20,0.5062,CCCCCCOC(C)=O
*OCCCCCC(*)=O,20,0.5062,COCCCCCC(=O)O
*CCC(=O)O*,21,0.7562,COC(=O)CCO
*COC(=O)C*,21,0.7562,CCOC(=O)CC
*CCOC(*)=O,21,0.7562,CCCOC(C)=O
*OCCC(*)=O,21,0.7562,COCCC(=O)O
*Oc1ccc(CC(*)=O)cc1,22,1.5033,COc1ccc(CC(=O)O)cc1
*OC(=O)Cc1ccc(*)cc1,22,1.5033,COC(=O)Cc1ccc(O)cc1
*CC(=O)Oc1ccc(*)cc1,22,1.5033,CCC(=O)Oc1ccc(C)cc1
*Cc1ccc(OC(*)=O)cc1,22,1.5033,CCc1ccc(OC(C)=O)cc1
*Cc1ccc(C(=O)O*)cc1,23,2.2574,COC(=O)c1ccc(CO)cc1
*COC(=O)c1ccc(*)cc1,23,2.2574,CCOC(=O)c1ccc(C)cc1
*C(=O)OCc1ccc(*)cc1,23,2.2574,CC(=O)OCc1ccc(C)cc1
*OCc1ccc(C(*)=O)cc1,23,2.2574,COCc1ccc(C(=O)O)cc1
*CCC(=O)N*,24,1.1904,CNC(=O)CCN
*CNC(=O)C*,24,1.1904,CCNC(=O)CC
*CCNC(*)=O,24,1.1904,CCCNC(C)=O
*NCCC(*)=O,24,1.1904,CNCCC(N)=O
*CCCCCCC(=O)N*,25,0.6934,CNC(=O)CCCCCCN
*CCCCCC(=O)NC*,25,0.6934,CCCCCCC(=O)NCC
*CCCCC(=O)NCC*,25,0.6934,CCCCCC(=O)NCCC
*CCCNC(=O)CCC*,25,0.6934,CCCCNC(=O)CCCC
*CCCCNC(=O)CC*,25,0.6934,CCCCCNC(=O)CCC
*CCCCCNC(=O)C*,25,0.6934,CCCCCCNC(=O)CC
*CCCCCCNC(*)=O,25,0.6934,CCCCCCCNC(C)=O
*NCCCCCCC(*)=O,25,0.6934,CNCCCCCCC(N)=O
*CC(=O)N*,26,0.7672,CNC(=O)CN
*CNC(*)=O,26,0.7672,CCNC(C)=O
*NCC(*)=O,26,0.7672,CNCC(N)=O
*Nc1cccc(C(*)=O)c1,27,2.356,CNc1cccc(C(N)=O)c1
*NC(=O)c1cccc(*)c1,27,2.356,CNC(=O)c1cccc(N)c1
*C(=O)Nc1cccc(*)c1,27,2.356,CC(=O)Nc1cccc(C)c1
*Cc1ccc(C(=O)N*)cc1,28,1.8315,CNC(=O)c1ccc(CN)cc1
*CNC(=O)c1ccc(*)cc1,28,1.8315,CCNC(=O)c1ccc(C)cc1
*C(=O)NCc1ccc(*)cc1,28,1.8315,CC(=O)NCc1ccc(C)cc1
*NCc1ccc(C(*)=O)cc1,28,1.8315,CNCc1ccc(C(N)=O)cc1
*CCCCCOC(=O)Nc1ccc(C)c(NC(=O)O*)c1,29,0.9199,COC(=O)Nc1cc(NC(=O)OCCCCCO)ccc1C
*CCCCOC(=O)Nc1ccc(C)c(NC(=O)OC*)c1,29,0.9199,CCCCCOC(=O)Nc1ccc(C)c(NC(=O)OCC)c1
*CCCOC(=O)Nc1ccc(C)c(NC(=O)OCC*)c1,29,0.9199,CCCCOC(=O)Nc1ccc(C)c(NC(=O)OCCC)c1
*CCCOC(=O)Nc1cc(NC(=O)OCC*)ccc1C,29,0.9199,CCCCOC(=O)Nc1cc(NC(=O)OCCC)ccc1C
*CCCCOC(=O)Nc1cc(NC(=O)OC*)ccc1C,29,0.9199,CCCCCOC(=O)Nc1cc(NC(=O)OCC)ccc1C
*CCCCCOC(=O)Nc1cc(NC(=O)O*)ccc1C,29,0.9199,COC(=O)Nc1ccc(C)c(NC(=O)OCCCCCO)c1
*OCCCCCOC(=O)Nc1cc(NC(*)=O)ccc1C,29,0.9199,COCCCCCOC(=O)Nc1cc(NC(=O)O)ccc1C
*Nc1ccc(C)c(NC(=O)OCCCCCOC(*)=O)c1,29,0.9199,CNc1ccc(C)c(NC(=O)OCCCCCOC(N)=O)c1
*NC(=O)OCCCCCOC(=O)Nc1cc(*)ccc1C,29,0.9199,CNC(=O)OCCCCCOC(=O)Nc1cc(N)ccc1C
*NC(=O)OCCCCCOC(=O)Nc1ccc(C)c(*)c1,29,0.9199,CNC(=O)OCCCCCOC(=O)Nc1ccc(C)c(N)c1
*Nc1cc(NC(=O)OCCCCCOC(*)=O)ccc1C,29,0.9199,CNc1cc(NC(=O)OCCCCCOC(N)=O)ccc1C
*OCCCCCOC(=O)Nc1ccc(C)c(NC(*)=O)c1,29,0.9199,COCCCCCOC(=O)Nc1ccc(C)c(NC(=O)O)c1
*OC(=O)c1ccc(C(*)=O)cc1,30,3.2451,COC(=O)c1ccc(C(=O)O)cc1
*C(=O)OC(=O)c1ccc(*)cc1,30,3.2451,CC(=O)OC(=O)c1ccc(C)cc1
*Oc1ccc(OC(*)=O)cc1,31,1.4499,COc1ccc(OC(=O)O)cc1
*OC(=O)Oc1ccc(*)cc1,31,1.4499,COC(=O)Oc1ccc(O)cc1
*CCCN*,32,0.5296,CNCCCN
*CCNC*,32,0.5296,CCCNCC
*Oc1ccc(C(=O)c2ccc(*)cc2)cc1,33,2.4594,COc1ccc(C(=O)c2ccc(O)cc2)cc1
*C(=O)c1ccc(Oc2ccc(*)cc2)cc1,33,2.4594,CC(=O)c1ccc(Oc2ccc(C)cc2)cc1
*c1ccc(*)cc1,34,2.6013,Cc1ccc(C)cc1
*CCc1ccc(-c2ccc(*)cc2)cc1,35,1.482,CCCc1ccc(-c2ccc(C)cc2)cc1
*Cc1ccc(-c2ccc(C*)cc2)cc1,35,1.482,CCc1ccc(-c2ccc(CC)cc2)cc1
*c1ccc(CCc2ccc(*)cc2)cc1,35,1.482,Cc1ccc(CCc2ccc(C)cc2)cc1
*OC1C(CO)OC(*)C(O)C1O,36,0.8344,COC1C(CO)OC(O)C(O)C1O
*OC1OC(CO)C(*)C(O)C1O,36,0.8344,COC1OC(CO)C(O)C(O)C1O
*Cc1ccc(CO*)cc1,37,1.6106,COCc1ccc(CO)cc1
*COCc1ccc(*)cc1,37,1.6106,CCOCc1ccc(C)cc1
*CCOCCOC(=O)O*,38,0.4954,COC(=O)OCCOCCO
*COCCOC(=O)OC*,38,0.4954,CCOCCOC(=O)OCC
*CCOC(=O)OCCO*,38,0.4954,COCCOC(=O)OCCO
*OCCOCCOC(*)=O,38,0.4954,COCCOCCOC(=O)O
*CCC(O*)(C(F)(F)F)C(F)(F)F,39,0.4911,COC(CCO)(C(F)(F)F)C(F)(F)F
*COC(C*)(C(F)(F)F)C(F)(F)F,39,0.4911,CCOC(CC)(C(F)(F)F)C(F)(F)F
*CCOC(*)(C(F)(F)F)C(F)(F)F,39,0.4911,CCCOC(C)(C(F)(F)F)C(F)(F)F
*OCCC(*)(C(F)(F)F)C(F)(F)F,39,0.4911,COCCC(O)(C(F)(F)F)C(F)(F)F
*c1ccc(*)s1,40,2.9681,Cc1ccc(C)s1
*Oc1ccc(-c2ccc(C(*)=O)cc2)cc1,41,2.4015,COc1ccc(-c2ccc(C(=O)O)cc2)cc1
*OC(=O)c1ccc(-c2ccc(*)cc2)cc1,41,2.4015,COC(=O)c1ccc(-c2ccc(O)cc2)cc1
*c1ccc(OC(=O)c2ccc(*)cc2)cc1,41,2.4015,Cc1ccc(OC(=O)c2ccc(C)cc2)cc1
*C(=O)Oc1ccc(-c2ccc(*)cc2)cc1,41,2.4015,CC(=O)Oc1ccc(-c2ccc(C)cc2)cc1
*Nc1ccc(*)cc1,42,0.9827,CNc1ccc(N)cc1
*c1cccc(*)n1,43,2.2143,Cc1cccc(C)n1
*CC(CC(CC(CC(*)c1ccccc1)c1ccccc1)c1ccccc1)c1ccccc1,44,1.5606,CCC(CC(CC(CC(C)c1ccccc1)c1ccccc1)c1ccccc1)c1ccccc1
*c1ccc(-c2ccc(*)s2)s1,45,2.9681,Cc1ccc(-c2ccc(C)s2)s1
*c1ccc2oc(-c3ccc4nc(*)oc4c3)nc2c1,46,3.155,Cc1ccc2oc(-c3ccc4nc(C)oc4c3)nc2c1
*c1ccc2nc(-c3ccc4oc(*)nc4c3)oc2c1,46,3.155,Cc1ccc2nc(-c3ccc4oc(C)nc4c3)oc2c1
*Cc1ccc(C*)cc1,47,0.8499,CCc1ccc(CC)cc1
*CCc1ccc(*)cc1,47,0.8499,CCCc1ccc(C)cc1
*CCCOC(=O)CCCCCCCCOC(=O)CCCOC(=O)CCCCCCCCOC(*)=O,48,0.7602,CCCCOC(=O)CCCCCCCCOC(=O)CCCOC(=O)CCCCCCCCOC(C)=O
*CCOC(=O)CCCCCCCCOC(=O)CCCOC(=O)CCCCCCCCOC(=O)C*,48,0.7602,CCCOC(=O)CCCCCCCCOC(=O)CCCOC(=O)CCCCCCCCOC(=O)CC
*CCC(=O)OCCCCCCCCC(=O)OCCCC(=O)OCCCCCCCCC(=O)OC*,48,0.7602,CCCC(=O)OCCCCCCCCC(=O)OCCCC(=O)OCCCCCCCCC(=O)OCC
*CCCC(=O)OCCCCCCCCC(=O)OCCCC(=O)OCCCCCCCCC(=O)O*,48,0.7602,COC(=O)CCCCCCCCOC(=O)CCCOC(=O)CCCCCCCCOC(=O)CCCO
*OCCCC(=O)OCCCCCCCCC(=O)OCCCC(=O)OCCCCCCCCC(*)=O,48,0.7602,COCCCC(=O)OCCCCCCCCC(=O)OCCCC(=O)OCCCCCCCCC(=O)O
*CCCCCCCCOC(=O)CCCOC(=O)CCCCCCCCOC(=O)CCCOC(*)=O,48,0.7602,CCCCCCCCCOC(=O)CCCOC(=O)CCCCCCCCOC(=O)CCCOC(C)=O
*CCCCCCCOC(=O)CCCOC(=O)CCCCCCCCOC(=O)CCCOC(=O)C*,48,0.7602,CCCCCCCCOC(=O)CCCOC(=O)CCCCCCCCOC(=O)CCCOC(=O)CC
*CCCCCCOC(=O)CCCOC(=O)CCCCCCCCOC(=O)CCCOC(=O)CC*,48,0.7602,CCCCCCCOC(=O)CCCOC(=O)CCCCCCCCOC(=O)CCCOC(=O)CCC
*CCCCCOC(=O)CCCOC(=O)CCCCCCCCOC(=O)CCCOC(=O)CCC*,48,0.7602,CCCCCCOC(=O)CCCOC(=O)CCCCCCCCOC(=O)CCCOC(=O)CCCC
*CCCCOC(=O)CCCOC(=O)CCCCCCCCOC(=O)CCCOC(=O)CCCC*,48,0.7602,CCCCCOC(=O)CCCOC(=O)CCCCCCCCOC(=O)CCCOC(=O)CCCCC
*CCCCCC(=O)OCCCC(=O)OCCCCCCCCC(=O)OCCCC(=O)OCCC*,48,0.7602,CCCCCCC(=O)OCCCC(=O)OCCCCCCCCC(=O)OCCCC(=O)OCCCC
*CCCCCCC(=O)OCCCC(=O)OCCCCCCCCC(=O)OCCCC(=O)OCC*,48,0.7602,CCCCCCCC(=O)OCCCC(=O)OCCCCCCCCC(=O)OCCCC(=O)OCCC
*CCCCCCCC(=O)OCCCC(=O)OCCCCCCCCC(=O)OCCCC(=O)OC*,48,0.7602,CCCCCCCCC(=O)OCCCC(=O)OCCCCCCCCC(=O)OCCCC(=O)OCC
*CCCCCCCCC(=O)OCCCC(=O)OCCCCCCCCC(=O)OCCCC(=O)O*,48,0.7602,COC(=O)CCCOC(=O)CCCCCCCCOC(=O)CCCOC(=O)CCCCCCCCO
*OCCCCCCCCC(=O)OCCCC(=O)OCCCCCCCCC(=O)OCCCC(*)=O,48,0.7602,COCCCCCCCCC(=O)OCCCC(=O)OCCCCCCCCC(=O)OCCCC(=O)O
*CC(CC(CC(*)c1ccccn1)c1ccccn1)c1ccccn1,49,1.1922,CCC(CC(CC(C)c1ccccn1)c1ccccn1)c1ccccn1
*C(=S)c1ccc(-c2ccc(-c3ccc(*)s3)s2)s1,50,3.9365,CC(=S)c1ccc(-c2ccc(-c3ccc(C)s3)s2)s1
*c1ccc(C(=S)c2ccc(-c3ccc(*)s3)s2)s1,50,3.9365,Cc1ccc(C(=S)c2ccc(-c3ccc(C)s3)s2)s1
*Oc1ccc(-c2ccc(-c3ccc(*)s3)s2)s1,51,2.4093,COc1ccc(-c2ccc(-c3ccc(O)s3)s2)s1
*c1ccc(Oc2ccc(-c3ccc(*)s3)s2)s1,51,2.4093,Cc1ccc(Oc2ccc(-c3ccc(C)s3)s2)s1
*C(=S)Oc1ccc(-c2ccc(*)s2)s1,52,3.2944,CC(=S)Oc1ccc(-c2ccc(C)s2)s1
*Oc1ccc(-c2ccc(C(*)=S)s2)s1,52,3.2944,COc1ccc(-c2ccc(C(O)=S)s2)s1
*OC(=S)c1ccc(-c2ccc(*)s2)s1,52,3.2944,COC(=S)c1ccc(-c2ccc(O)s2)s1
*c1ccc(OC(=S)c2ccc(*)s2)s1,52,3.2944,Cc1ccc(OC(=S)c2ccc(C)s2)s1
*Oc1ccc(C(=S)c2ccc(*)s2)s1,53,3.4574,COc1ccc(C(=S)c2ccc(O)s2)s1
*C(=S)c1ccc(Oc2ccc(*)s2)s1,53,3.4574,CC(=S)c1ccc(Oc2ccc(C)s2)s1
*C(=S)OC(=S)c1ccc(*)s1,54,4.0075,CC(=S)OC(=S)c1ccc(C)s1
*OC(=S)c1ccc(C(*)=S)s1,54,4.0075,COC(=S)c1ccc(C(O)=S)s1
*Oc1ccc(Oc2ccc(*)s2)s1,55,1.3443,COc1ccc(Oc2ccc(O)s2)s1
*OC(=S)Oc1ccc(*)s1,56,2.5249,COC(=S)Oc1ccc(O)s1
*Oc1ccc(OC(*)=S)s1,56,2.5249,COc1ccc(OC(O)=S)s1
*c1ccc(-c2ccc(-c3ccc(-c4ccc(*)s4)s3)s2)cc1,57,2.752,Cc1ccc(-c2ccc(-c3ccc(-c4ccc(C)s4)s3)s2)cc1
*c1ccc(-c2ccc(-c3ccc(-c4ccc(*)s4)s3)cc2)s1,57,2.752,Cc1ccc(-c2ccc(-c3ccc(-c4ccc(C)s4)s3)cc2)s1
*Oc1ccc(-c2ccc(-c3ccc(*)cc3)s2)s1,58,1.7103,COc1ccc(-c2ccc(-c3ccc(O)cc3)s2)s1
*Oc1ccc(-c2ccc(-c3ccc(*)s3)s2)cc1,58,1.7103,COc1ccc(-c2ccc(-c3ccc(O)s3)s2)cc1
*c1ccc(Oc2ccc(-c3ccc(*)s3)cc2)s1,58,1.7103,Cc1ccc(Oc2ccc(-c3ccc(C)s3)cc2)s1
*c1ccc(Oc2ccc(-c3ccc(*)s3)s2)cc1,58,1.7103,Cc1ccc(Oc2ccc(-c3ccc(C)s3)s2)cc1
*c1ccc(-c2ccc(-c3ccc(-c4ccc(*)s4)cc3)s2)cc1,59,2.3385,Cc1ccc(-c2ccc(-c3ccc(-c4ccc(C)s4)cc3)s2)cc1
*C(=S)c1ccc(-c2ccc(-c3ccc(*)cc3)s2)cc1,60,3.3503,CC(=S)c1ccc(-c2ccc(-c3ccc(C)cc3)s2)cc1
*c1ccc(C(=S)c2ccc(-c3ccc(*)s3)cc2)cc1,60,3.3503,Cc1ccc(C(=S)c2ccc(-c3ccc(C)s3)cc2)cc1
*Oc1ccc(-c2ccc(-c3ccc(*)cc3)s2)cc1,61,1.8588,COc1ccc(-c2ccc(-c3ccc(O)cc3)s2)cc1
*c1ccc(Oc2ccc(-c3ccc(*)s3)cc2)cc1,61,1.8588,Cc1ccc(Oc2ccc(-c3ccc(C)s3)cc2)cc1
*c1ccc(-c2ccc(C(=S)c3ccc(*)s3)s2)cc1,62,3.6267,Cc1ccc(-c2ccc(C(=S)c3ccc(C)s3)s2)cc1
*C(=S)c1ccc(-c2ccc(-c3ccc(*)s3)cc2)s1,62,3.6267,CC(=S)c1ccc(-c2ccc(-c3ccc(C)s3)cc2)s1
*c1ccc(-c2ccc(Oc3ccc(*)s3)s2)cc1,63,2.1082,Cc1ccc(-c2ccc(Oc3ccc(C)s3)s2)cc1
*Oc1ccc(-c2ccc(-c3ccc(*)s3)cc2)s1,63,2.1082,COc1ccc(-c2ccc(-c3ccc(O)s3)cc2)s1
*C(=S)Oc1ccc(-c2ccc(*)cc2)s1,64,2.8418,CC(=S)Oc1ccc(-c2ccc(C)cc2)s1
*Oc1ccc(-c2ccc(C(*)=S)cc2)s1,64,2.8418,COc1ccc(-c2ccc(C(O)=S)cc2)s1
*OC(=S)c1ccc(-c2ccc(*)s2)cc1,64,2.8418,COC(=S)c1ccc(-c2ccc(O)s2)cc1
*c1ccc(C(=S)Oc2ccc(*)s2)cc1,64,2.8418,Cc1ccc(C(=S)Oc2ccc(C)s2)cc1
*Oc1ccc(-c2ccc(-c3ccc(*)cc3)cc2)s1,65,1.897,COc1ccc(-c2ccc(-c3ccc(O)cc3)cc2)s1
*Oc1ccc(-c2ccc(-c3ccc(*)s3)cc2)cc1,65,1.897,COc1ccc(-c2ccc(-c3ccc(O)s3)cc2)cc1
*c1ccc(-c2ccc(Oc3ccc(*)s3)cc2)cc1,65,1.897,Cc1ccc(-c2ccc(Oc3ccc(C)s3)cc2)cc1
*c1ccc(Oc2ccc(-c3ccc(*)cc3)s2)cc1,65,1.897,Cc1ccc(Oc2ccc(-c3ccc(C)cc3)s2)cc1
*c1ccc(-c2ccc(-c3ccc(-c4ccc(*)s4)cc3)cc2)cc1,66,2.2963,Cc1ccc(-c2ccc(-c3ccc(-c4ccc(C)s4)cc3)cc2)cc1
*c1ccc(-c2ccc(-c3ccc(-c4ccc(*)cc4)s3)cc2)cc1,66,2.2963,Cc1ccc(-c2ccc(-c3ccc(-c4ccc(C)cc4)s3)cc2)cc1
*C(=S)c1ccc(-c2ccc(-c3ccc(*)cc3)cc2)cc1,67,3.0264,CC(=S)c1ccc(-c2ccc(-c3ccc(C)cc3)cc2)cc1
*c1ccc(C(=S)c2ccc(-c3ccc(*)cc3)cc2)cc1,67,3.0264,Cc1ccc(C(=S)c2ccc(-c3ccc(C)cc3)cc2)cc1
*Oc1ccc(-c2ccc(-c3ccc(*)cc3)cc2)cc1,68,1.6576,COc1ccc(-c2ccc(-c3ccc(O)cc3)cc2)cc1
*c1ccc(Oc2ccc(-c3ccc(*)cc3)cc2)cc1,68,1.6576,Cc1ccc(Oc2ccc(-c3ccc(C)cc3)cc2)cc1
*OC(=S)c1ccc(-c2ccc(*)cc2)cc1,69,2.7321,COC(=S)c1ccc(-c2ccc(O)cc2)cc1
*Oc1ccc(-c2ccc(C(*)=S)cc2)cc1,69,2.7321,COc1ccc(-c2ccc(C(O)=S)cc2)cc1
*C(=S)Oc1ccc(-c2ccc(*)cc2)cc1,69,2.7321,CC(=S)Oc1ccc(-c2ccc(C)cc2)cc1
*c1ccc(OC(=S)c2ccc(*)cc2)cc1,69,2.7321,Cc1ccc(OC(=S)c2ccc(C)cc2)cc1
*C(=S)c1ccc(C(=S)c2ccc(*)cc2)s1,70,4.1807,CC(=S)c1ccc(C(=S)c2ccc(C)cc2)s1
*C(=S)c1ccc(C(=S)c2ccc(*)s2)cc1,70,4.1807,CC(=S)c1ccc(C(=S)c2ccc(C)s2)cc1
*Oc1ccc(C(=S)c2ccc(*)cc2)s1,71,3.2177,COc1ccc(C(=S)c2ccc(O)cc2)s1
*Oc1ccc(C(=S)c2ccc(*)s2)cc1,71,3.2177,COc1ccc(C(=S)c2ccc(O)s2)cc1
*C(=S)c1ccc(Oc2ccc(*)s2)cc1,71,3.2177,CC(=S)c1ccc(Oc2ccc(C)s2)cc1
*C(=S)c1ccc(Oc2ccc(*)cc2)s1,71,3.2177,CC(=S)c1ccc(Oc2ccc(C)cc2)s1
*C(=S)c1ccc(C(=S)c2ccc(*)cc2)cc1,72,2.9311,CC(=S)c1ccc(C(=S)c2ccc(C)cc2)cc1
*Oc1ccc(C(=S)c2ccc(*)cc2)cc1,73,3.1315,COc1ccc(C(=S)c2ccc(O)cc2)cc1
*C(=S)c1ccc(Oc2ccc(*)cc2)cc1,73,3.1315,CC(=S)c1ccc(Oc2ccc(C)cc2)cc1
*C(=S)OC(=S)c1ccc(*)cc1,74,3.7508,CC(=S)OC(=S)c1ccc(C)cc1
*OC(=S)c1ccc(C(*)=S)cc1,74,3.7508,COC(=S)c1ccc(C(O)=S)cc1
*Oc1ccc(Oc2ccc(*)cc2)s1,75,1.2264,COc1ccc(Oc2ccc(O)cc2)s1
*Oc1ccc(Oc2ccc(*)s2)cc1,75,1.2264,COc1ccc(Oc2ccc(O)s2)cc1
*c1ccc(OC(=S)c2ccc(*)s2)cc1,76,3.1094,Cc1ccc(OC(=S)c2ccc(C)s2)cc1
*OC(=S)c1ccc(-c2ccc(*)cc2)s1,76,3.1094,COC(=S)c1ccc(-c2ccc(O)cc2)s1
*Oc1ccc(-c2ccc(C(*)=S)s2)cc1,76,3.1094,COc1ccc(-c2ccc(C(O)=S)s2)cc1
*C(=S)Oc1ccc(-c2ccc(*)s2)cc1,76,3.1094,CC(=S)Oc1ccc(-c2ccc(C)s2)cc1
*OC(=S)Oc1ccc(*)cc1,77,1.8722,COC(=S)Oc1ccc(O)cc1
*Oc1ccc(OC(*)=S)cc1,77,1.8722,COc1ccc(OC(O)=S)cc1
*Cc1ccc(-c2ccc(-c3ccc(*)s3)s2)s1,78,2.0787,CCc1ccc(-c2ccc(-c3ccc(C)s3)s2)s1
*c1ccc(Cc2ccc(-c3ccc(*)s3)s2)s1,78,2.0787,Cc1ccc(Cc2ccc(-c3ccc(C)s3)s2)s1
*Cc1ccc(-c2ccc(C(*)=S)s2)s1,79,3.2587,CCc1ccc(-c2ccc(C(C)=S)s2)s1
*CC(=S)c1ccc(-c2ccc(*)s2)s1,79,3.2587,CCC(=S)c1ccc(-c2ccc(C)s2)s1
*c1ccc(CC(=S)c2ccc(*)s2)s1,79,3.2587,Cc1ccc(CC(=S)c2ccc(C)s2)s1
*C(=S)Cc1ccc(-c2ccc(*)s2)s1,79,3.2587,CC(=S)Cc1ccc(-c2ccc(C)s2)s1
*Cc1ccc(-c2ccc(O*)s2)s1,80,1.7705,COc1ccc(-c2ccc(CO)s2)s1
*COc1ccc(-c2ccc(*)s2)s1,80,1.7705,CCOc1ccc(-c2ccc(C)s2)s1
*c1ccc(COc2ccc(*)s2)s1,80,1.7705,Cc1ccc(COc2ccc(C)s2)s1
*OCc1ccc(-c2ccc(*)s2)s1,80,1.7705,COCc1ccc(-c2ccc(O)s2)s1
*Cc1ccc(-c2ccc(-c3ccc(*)s3)cc2)s1,81,1.9244,CCc1ccc(-c2ccc(-c3ccc(C)s3)cc2)s1
*c1ccc(-c2ccc(Cc3ccc(*)s3)s2)cc1,81,1.9244,Cc1ccc(-c2ccc(Cc3ccc(C)s3)s2)cc1
*Cc1ccc(-c2ccc(C(*)=S)cc2)s1,82,2.9754,CCc1ccc(-c2ccc(C(C)=S)cc2)s1
*CC(=S)c1ccc(-c2ccc(*)s2)cc1,82,2.9754,CCC(=S)c1ccc(-c2ccc(C)s2)cc1
*c1ccc(C(=S)Cc2ccc(*)s2)cc1,82,2.9754,Cc1ccc(C(=S)Cc2ccc(C)s2)cc1
*C(=S)Cc1ccc(-c2ccc(*)cc2)s1,82,2.9754,CC(=S)Cc1ccc(-c2ccc(C)cc2)s1
*Cc1ccc(-c2ccc(O*)cc2)s1,83,1.4385,COc1ccc(-c2ccc(CO)s2)cc1
*COc1ccc(-c2ccc(*)s2)cc1,83,1.4385,CCOc1ccc(-c2ccc(C)s2)cc1
*c1ccc(OCc2ccc(*)s2)cc1,83,1.4385,Cc1ccc(OCc2ccc(C)s2)cc1
*OCc1ccc(-c2ccc(*)cc2)s1,83,1.4385,COCc1ccc(-c2ccc(O)cc2)s1
*Cc1ccc(Cc2ccc(*)s2)s1,84,1.174,CCc1ccc(Cc2ccc(C)s2)s1
*Cc1ccc(CC(*)=S)s1,85,2.588,CCc1ccc(CC(C)=S)s1
*CC(=S)Cc1ccc(*)s1,85,2.588,CCC(=S)Cc1ccc(C)s1
*Cc1ccc(C(=O)c2ccc(*)s2)s1,86,2.8498,CCc1ccc(C(=O)c2ccc(C)s2)s1
*C(=O)c1ccc(Cc2ccc(*)s2)s1,86,2.8498,CC(=O)c1ccc(Cc2ccc(C)s2)s1
*Cc1ccc(C(=O)C(*)=S)s1,87,3.3428,CCc1ccc(C(=O)C(C)=S)s1
*CC(=S)C(=O)c1ccc(*)s1,87,3.3428,CCC(=S)C(=O)c1ccc(C)s1
*C(=O)C(=S)Cc1ccc(*)s1,87,3.3428,CC(=O)C(=S)Cc1ccc(C)s1
*C(=O)c1ccc(CC(*)=S)s1,87,3.3428,CC(=O)c1ccc(CC(C)=S)s1
*Cc1ccc(C(=O)O*)s1,88,2.358,COC(=O)c1ccc(CO)s1
*COC(=O)c1ccc(*)s1,88,2.358,CCOC(=O)c1ccc(C)s1
*C(=O)OCc1ccc(*)s1,88,2.358,CC(=O)OCc1ccc(C)s1
*OCc1ccc(C(*)=O)s1,88,2.358,COCc1ccc(C(=O)O)s1
*Cc1ccc(C(=S)c2ccc(*)s2)s1,89,3.3843,CCc1ccc(C(=S)c2ccc(C)s2)s1
*C(=S)c1ccc(Cc2ccc(*)s2)s1,89,3.3843,CC(=S)c1ccc(Cc2ccc(C)s2)s1
*Cc1ccc(C(=S)O*)s1,90,2.9654,COC(=S)c1ccc(CO)s1
*COC(=S)c1ccc(*)s1,90,2.9654,CCOC(=S)c1ccc(C)s1
*C(=S)OCc1ccc(*)s1,90,2.9654,CC(=S)OCc1ccc(C)s1
*OCc1ccc(C(*)=S)s1,90,2.9654,COCc1ccc(C(O)=S)s1
*Cc1ccc(Nc2ccc(*)s2)s1,91,1.1194,CCc1ccc(Nc2ccc(C)s2)s1
*Nc1ccc(Cc2ccc(*)s2)s1,91,1.1194,CNc1ccc(Cc2ccc(N)s2)s1
*Cc1ccc(NC(*)=S)s1,92,2.0497,CCc1ccc(NC(C)=S)s1
*CC(=S)Nc1ccc(*)s1,92,2.0497,CCC(=S)Nc1ccc(C)s1
*NC(=S)Cc1ccc(*)s1,92,2.0497,CNC(=S)Cc1ccc(N)s1
*Nc1ccc(CC(*)=S)s1,92,2.0497,CNc1ccc(CC(N)=S)s1
*Cc1ccc(NO*)s1,93,1.3873,CONc1ccc(CO)s1
*CONc1ccc(*)s1,93,1.3873,CCONc1ccc(C)s1
*NOCc1ccc(*)s1,93,1.3873,CNOCc1ccc(N)s1
*Nc1ccc(CO*)s1,93,1.3873,NOCc1ccc(NO)s1
*Cc1ccc(Oc2ccc(*)s2)s1,94,1.2199,CCc1ccc(Oc2ccc(C)s2)s1
*Oc1ccc(Cc2ccc(*)s2)s1,94,1.2199,COc1ccc(Cc2ccc(O)s2)s1
*Cc1ccc(OC(*)=S)s1,95,2.3956,CCc1ccc(OC(C)=S)s1
*CC(=S)Oc1ccc(*)s1,95,2.3956,CCC(=S)Oc1ccc(C)s1
*OC(=S)Cc1ccc(*)s1,95,2.3956,COC(=S)Cc1ccc(O)s1
*Oc1ccc(CC(*)=S)s1,95,2.3956,COc1ccc(CC(O)=S)s1
*Cc1ccc(-c2ccc(-c3ccc(*)s3)s2)cc1,96,1.9547,CCc1ccc(-c2ccc(-c3ccc(C)s3)s2)cc1
*Cc1ccc(-c2ccc(-c3ccc(*)cc3)s2)s1,96,1.9547,CCc1ccc(-c2ccc(-c3ccc(C)cc3)s2)s1
*c1ccc(Cc2ccc(-c3ccc(*)s3)s2)cc1,96,1.9547,Cc1ccc(Cc2ccc(-c3ccc(C)s3)s2)cc1
*c1ccc(Cc2ccc(-c3ccc(*)s3)cc2)s1,96,1.9547,Cc1ccc(Cc2ccc(-c3ccc(C)s3)cc2)s1
*Cc1ccc(-c2ccc(-c3ccc(*)cc3)s2)cc1,97,1.8331,CCc1ccc(-c2ccc(-c3ccc(C)cc3)s2)cc1
*c1ccc(Cc2ccc(-c3ccc(*)s3)cc2)cc1,97,1.8331,Cc1ccc(Cc2ccc(-c3ccc(C)s3)cc2)cc1
*Cc1ccc(-c2ccc(C(*)=S)s2)cc1,98,3.0651,CCc1ccc(-c2ccc(C(C)=S)s2)cc1
*CC(=S)c1ccc(-c2ccc(*)cc2)s1,98,3.0651,CCC(=S)c1ccc(-c2ccc(C)cc2)s1
*c1ccc(CC(=S)c2ccc(*)s2)cc1,98,3.0651,Cc1ccc(CC(=S)c2ccc(C)s2)cc1
*C(=S)Cc1ccc(-c2ccc(*)s2)cc1,98,3.0651,CC(=S)Cc1ccc(-c2ccc(C)s2)cc1
*Cc1ccc(-c2ccc(-c3ccc(*)s3)cc2)cc1,99,1.812,CCc1ccc(-c2ccc(-c3ccc(C)s3)cc2)cc1
*Cc1ccc(-c2ccc(-c3ccc(*)cc3)cc2)s1,99,1.812,CCc1ccc(-c2ccc(-c3ccc(C)cc3)cc2)s1
*c1ccc(Cc2ccc(-c3ccc(*)cc3)s2)cc1,99,1.812,Cc1ccc(Cc2ccc(-c3ccc(C)cc3)s2)cc1
*c1ccc(-c2ccc(Cc3ccc(*)s3)cc2)cc1,99,1.812,Cc1ccc(-c2ccc(Cc3ccc(C)s3)cc2)cc1
*Cc1ccc(-c2ccc(-c3ccc(*)cc3)cc2)cc1,100,1.7487,CCc1ccc(-c2ccc(-c3ccc(C)cc3)cc2)cc1
*c1ccc(Cc2ccc(-c3ccc(*)cc3)cc2)cc1,100,1.7487,Cc1ccc(Cc2ccc(-c3ccc(C)cc3)cc2)cc1
*Cc1ccc(-c2ccc(C(*)=S)cc2)cc1,101,2.7075,CCc1ccc(-c2ccc(C(C)=S)cc2)cc1
*CC(=S)c1ccc(-c2ccc(*)cc2)cc1,101,2.7075,CCC(=S)c1ccc(-c2ccc(C)cc2)cc1
*c1ccc(CC(=S)c2ccc(*)cc2)cc1,101,2.7075,Cc1ccc(CC(=S)c2ccc(C)cc2)cc1
*C(=S)Cc1ccc(-c2ccc(*)cc2)cc1,101,2.7075,CC(=S)Cc1ccc(-c2ccc(C)cc2)cc1
*Cc1ccc(Cc2ccc(*)s2)cc1,102,0.9966,CCc1ccc(Cc2ccc(C)s2)cc1
*Cc1ccc(Cc2ccc(*)cc2)s1,102,0.9966,CCc1ccc(Cc2ccc(C)cc2)s1
*Cc1ccc(Cc2ccc(*)cc2)cc1,103,1.0649,CCc1ccc(Cc2ccc(C)cc2)cc1
*Cc1ccc(CC(*)=S)cc1,104,2.6743,CCc1ccc(CC(C)=S)cc1
*CC(=S)Cc1ccc(*)cc1,104,2.6743,CCC(=S)Cc1ccc(C)cc1
*Cc1ccc(C(=O)c2ccc(*)s2)cc1,105,2.5375,CCc1ccc(C(=O)c2ccc(C)s2)cc1
*Cc1ccc(C(=O)c2ccc(*)cc2)s1,105,2.5375,CCc1ccc(C(=O)c2ccc(C)cc2)s1
*C(=O)c1ccc(Cc2ccc(*)cc2)s1,105,2.5375,CC(=O)c1ccc(Cc2ccc(C)cc2)s1
*C(=O)c1ccc(Cc2ccc(*)s2)cc1,105,2.5375,CC(=O)c1ccc(Cc2ccc(C)s2)cc1
*Cc1ccc(C(=O)c2ccc(*)cc2)cc1,106,2.314,CCc1ccc(C(=O)c2ccc(C)cc2)cc1
*C(=O)c1ccc(Cc2ccc(*)cc2)cc1,106,2.314,CC(=O)c1ccc(Cc2ccc(C)cc2)cc1
*Cc1ccc(C(=O)C(*)=S)cc1,107,3.3639,CCc1ccc(C(=O)C(C)=S)cc1
*CC(=S)C(=O)c1ccc(*)cc1,107,3.3639,CCC(=S)C(=O)c1ccc(C)cc1
*C(=O)C(=S)Cc1ccc(*)cc1,107,3.3639,CC(=O)C(=S)Cc1ccc(C)cc1
*C(=O)c1ccc(CC(*)=S)cc1,107,3.3639,CC(=O)c1ccc(CC(C)=S)cc1
*Cc1ccc(C(=S)c2ccc(*)s2)cc1,108,3.0211,CCc1ccc(C(=S)c2ccc(C)s2)cc1
*Cc1ccc(C(=S)c2ccc(*)cc2)s1,108,3.0211,CCc1ccc(C(=S)c2ccc(C)cc2)s1
*C(=S)c1ccc(Cc2ccc(*)cc2)s1,108,3.0211,CC(=S)c1ccc(Cc2ccc(C)cc2)s1
*C(=S)c1ccc(Cc2ccc(*)s2)cc1,108,3.0211,CC(=S)c1ccc(Cc2ccc(C)s2)cc1
*Cc1ccc(C(=S)c2ccc(*)cc2)cc1,109,2.874,CCc1ccc(C(=S)c2ccc(C)cc2)cc1
*C(=S)c1ccc(Cc2ccc(*)cc2)cc1,109,2.874,CC(=S)c1ccc(Cc2ccc(C)cc2)cc1
*Cc1ccc(C(=S)O*)cc1,110,2.8319,COC(=S)c1ccc(CO)cc1
*COC(=S)c1ccc(*)cc1,110,2.8319,CCOC(=S)c1ccc(C)cc1
*C(=S)OCc1ccc(*)cc1,110,2.8319,CC(=S)OCc1ccc(C)cc1
*OCc1ccc(C(*)=S)cc1,110,2.8319,COCc1ccc(C(O)=S)cc1
*Cc1ccc(Nc2ccc(*)s2)cc1,111,0.9705,CCc1ccc(Nc2ccc(C)s2)cc1
*Cc1ccc(Nc2ccc(*)cc2)s1,111,0.9705,CCc1ccc(Nc2ccc(C)cc2)s1
*Nc1ccc(Cc2ccc(*)cc2)s1,111,0.9705,CNc1ccc(Cc2ccc(N)cc2)s1
*Nc1ccc(Cc2ccc(*)s2)cc1,111,0.9705,CNc1ccc(Cc2ccc(N)s2)cc1
*Cc1ccc(Nc2ccc(*)cc2)cc1,112,0.9546,CCc1ccc(Nc2ccc(C)cc2)cc1
*Nc1ccc(Cc2ccc(*)cc2)cc1,112,0.9546,CNc1ccc(Cc2ccc(N)cc2)cc1
*Cc1ccc(NC(*)=S)cc1,113,2.0656,CCc1ccc(NC(C)=S)cc1
*CC(=S)Nc1ccc(*)cc1,113,2.0656,CCC(=S)Nc1ccc(C)cc1
*NC(=S)Cc1ccc(*)cc1,113,2.0656,CNC(=S)Cc1ccc(N)cc1
*Nc1ccc(CC(*)=S)cc1,113,2.0656,CNc1ccc(CC(N)=S)cc1
*Cc1ccc(NO*)cc1,114,0.7333,CONc1ccc(CO)cc1
*CONc1ccc(*)cc1,114,0.7333,CCONc1ccc(C)cc1
*NOCc1ccc(*)cc1,114,0.7333,CNOCc1ccc(N)cc1
*Nc1ccc(CO*)cc1,114,0.7333,NOCc1ccc(NO)cc1
*Cc1ccc(Oc2ccc(*)s2)cc1,115,1.0627,CCc1ccc(Oc2ccc(C)s2)cc1
*Cc1ccc(Oc2ccc(*)cc2)s1,115,1.0627,CCc1ccc(Oc2ccc(C)cc2)s1
*Oc1ccc(Cc2ccc(*)cc2)s1,115,1.0627,COc1ccc(Cc2ccc(O)cc2)s1
*Oc1ccc(Cc2ccc(*)s2)cc1,115,1.0627,COc1ccc(Cc2ccc(O)s2)cc1
*Cc1ccc(OC(*)=S)cc1,116,2.2773,CCc1ccc(OC(C)=S)cc1
*CC(=S)Oc1ccc(*)cc1,116,2.2773,CCC(=S)Oc1ccc(C)cc1
*OC(=S)Cc1ccc(*)cc1,116,2.2773,COC(=S)Cc1ccc(O)cc1
*Oc1ccc(CC(*)=S)cc1,116,2.2773,COc1ccc(CC(O)=S)cc1
*CCc1ccc(-c2ccc(*)s2)s1,117,1.9411,CCCc1ccc(-c2ccc(C)s2)s1
*Cc1ccc(-c2ccc(C*)s2)s1,117,1.9411,CCc1ccc(-c2ccc(CC)s2)s1
*c1ccc(CCc2ccc(*)s2)s1,117,1.9411,Cc1ccc(CCc2ccc(C)s2)s1
*CCc1ccc(C(*)=S)s1,118,3.3272,CCCc1ccc(C(C)=S)s1
*CC(=S)c1ccc(C*)s1,118,3.3272,CCC(=S)c1ccc(CC)s1
*CCC(=S)c1ccc(*)s1,118,3.3272,CCCC(=S)c1ccc(C)s1
*C(=S)CCc1ccc(*)s1,118,3.3272,CC(=S)CCc1ccc(C)s1
*CCc1ccc(O*)s1,119,0.6627,COc1ccc(CCO)s1
*COc1ccc(C*)s1,119,0.6627,CCOc1ccc(CC)s1
*CCOc1ccc(*)s1,119,0.6627,CCCOc1ccc(C)s1
*OCCc1ccc(*)s1,119,0.6627,COCCc1ccc(O)s1
*CCc1ccc(-c2ccc(*)s2)cc1,120,1.6982,CCCc1ccc(-c2ccc(C)s2)cc1
*Cc1ccc(-c2ccc(C*)s2)cc1,120,1.6982,CCc1ccc(-c2ccc(CC)s2)cc1
*CCc1ccc(-c2ccc(*)cc2)s1,120,1.6982,CCCc1ccc(-c2ccc(C)cc2)s1
*c1ccc(CCc2ccc(*)s2)cc1,120,1.6982,Cc1ccc(CCc2ccc(C)s2)cc1
*CCc1ccc(C(*)=S)cc1,121,3.1161,CCCc1ccc(C(C)=S)cc1
*CC(=S)c1ccc(C*)cc1,121,3.1161,CCC(=S)c1ccc(CC)cc1
*CCC(=S)c1ccc(*)cc1,121,3.1161,CCCC(=S)c1ccc(C)cc1
*C(=S)CCc1ccc(*)cc1,121,3.1161,CC(=S)CCc1ccc(C)cc1
*CCc1ccc(O*)cc1,122,0.7536,COc1ccc(CCO)cc1
*COc1ccc(C*)cc1,122,0.7536,CCOc1ccc(CC)cc1
*CCOc1ccc(*)cc1,122,0.7536,CCCOc1ccc(C)cc1
*OCCc1ccc(*)cc1,122,0.7536,COCCc1ccc(O)cc1
*CCCc1ccc(*)s1,123,0.9489,CCCCc1ccc(C)s1
*CCc1ccc(C*)s1,123,0.9489,CCCc1ccc(CC)s1
*CCCc1ccc(*)cc1,124,0.9937,CCCCc1ccc(C)cc1
*CCc1ccc(C*)cc1,124,0.9937,CCCc1ccc(CC)cc1
*CCCC(*)=O,125,1.2346,CCCCC(C)=O
*CCC(=O)C*,125,1.2346,CCCC(=O)CC
*CCCC(*)=S,126,2.3997,CCCCC(C)=S
*CCC(=S)C*,126,2.3997,CCCC(=S)CC
*CCC(=O)c1ccc(*)s1,127,2.6933,CCCC(=O)c1ccc(C)s1
*CC(=O)c1ccc(C*)s1,127,2.6933,CCC(=O)c1ccc(CC)s1
*CCc1ccc(C(*)=O)s1,127,2.6933,CCCc1ccc(C(C)=O)s1
*C(=O)CCc1ccc(*)s1,127,2.6933,CC(=O)CCc1ccc(C)s1
*CCC(=O)c1ccc(*)cc1,128,2.3583,CCCC(=O)c1ccc(C)cc1
*CC(=O)c1ccc(C*)cc1,128,2.3583,CCC(=O)c1ccc(CC)cc1
*CCc1ccc(C(*)=O)cc1,128,2.3583,CCCc1ccc(C(C)=O)cc1
*C(=O)CCc1ccc(*)cc1,128,2.3583,CC(=O)CCc1ccc(C)cc1
*CCC(=O)C(*)=S,129,3.1911,CCCC(=O)C(C)=S
*CC(=O)C(=S)C*,129,3.1911,CCC(=O)C(=S)CC
*CCC(=S)C(*)=O,129,3.1911,CCCC(=S)C(C)=O
*C(=O)CCC(*)=S,129,3.1911,CC(=O)CCC(C)=S
*CCC(=S)O*,130,2.069,COC(=S)CCO
*COC(=S)C*,130,2.069,CCOC(=S)CC
*CCOC(*)=S,130,2.069,CCCOC(C)=S
*OCCC(*)=S,130,2.069,COCCC(O)=S
*CCNc1ccc(*)s1,131,0.6915,CCCNc1ccc(C)s1
*CNc1ccc(C*)s1,131,0.6915,CCNc1ccc(CC)s1
*CCc1ccc(N*)s1,131,0.6915,CNc1ccc(CCN)s1
*NCCc1ccc(*)s1,131,0.6915,CNCCc1ccc(N)s1
*CCNc1ccc(*)cc1,132,0.6326,CCCNc1ccc(C)cc1
*CNc1ccc(C*)cc1,132,0.6326,CCNc1ccc(CC)cc1
*CCc1ccc(N*)cc1,132,0.6326,CNc1ccc(CCN)cc1
*NCCc1ccc(*)cc1,132,0.6326,CNCCc1ccc(N)cc1
*CCNC(*)=S,133,1.6837,CCCNC(C)=S
*CNC(=S)C*,133,1.6837,CCNC(=S)CC
*CCC(=S)N*,133,1.6837,CNC(=S)CCN
*NCCC(*)=S,133,1.6837,CNCCC(N)=S
*CCON*,134,0.6058,CNOCCN
*CNOC*,134,0.6058,CCNOCC
*CCNO*,134,0.6058,CONCCO
*NCCO*,134,0.6058,NOCCNO
*CC(=O)c1ccc(-c2ccc(*)s2)s1,135,2.8128,CCC(=O)c1ccc(-c2ccc(C)s2)s1
*Cc1ccc(-c2ccc(C(*)=O)s2)s1,135,2.8128,CCc1ccc(-c2ccc(C(C)=O)s2)s1
*C(=O)Cc1ccc(-c2ccc(*)s2)s1,135,2.8128,CC(=O)Cc1ccc(-c2ccc(C)s2)s1
*c1ccc(CC(=O)c2ccc(*)s2)s1,135,2.8128,Cc1ccc(CC(=O)c2ccc(C)s2)s1
*CC(=O)c1ccc(-c2ccc(*)cc2)s1,136,2.6784,CCC(=O)c1ccc(-c2ccc(C)cc2)s1
*Cc1ccc(-c2ccc(C(*)=O)s2)cc1,136,2.6784,CCc1ccc(-c2ccc(C(C)=O)s2)cc1
*C(=O)Cc1ccc(-c2ccc(*)s2)cc1,136,2.6784,CC(=O)Cc1ccc(-c2ccc(C)s2)cc1
*c1ccc(CC(=O)c2ccc(*)s2)cc1,136,2.6784,Cc1ccc(CC(=O)c2ccc(C)s2)cc1
*CC(=O)c1ccc(C(*)=O)s1,137,3.1941,CCC(=O)c1ccc(C(C)=O)s1
*C(=O)CC(=O)c1ccc(*)s1,137,3.1941,CC(=O)CC(=O)c1ccc(C)s1
*CC(=O)c1ccc(C(*)=S)s1,138,3.6254,CCC(=O)c1ccc(C(C)=S)s1
*CC(=S)c1ccc(C(*)=O)s1,138,3.6254,CCC(=S)c1ccc(C(C)=O)s1
*C(=O)CC(=S)c1ccc(*)s1,138,3.6254,CC(=O)CC(=S)c1ccc(C)s1
*C(=S)CC(=O)c1ccc(*)s1,138,3.6254,CC(=S)CC(=O)c1ccc(C)s1
*CC(=O)c1ccc(O*)s1,139,2.4711,COc1ccc(C(=O)CO)s1
*COc1ccc(C(*)=O)s1,139,2.4711,CCOc1ccc(C(C)=O)s1
*C(=O)COc1ccc(*)s1,139,2.4711,CC(=O)COc1ccc(C)s1
*OCC(=O)c1ccc(*)s1,139,2.4711,COCC(=O)c1ccc(O)s1
*CC(=O)c1ccc(-c2ccc(*)s2)cc1,140,2.4129,CCC(=O)c1ccc(-c2ccc(C)s2)cc1
*Cc1ccc(-c2ccc(C(*)=O)cc2)s1,140,2.4129,CCc1ccc(-c2ccc(C(C)=O)cc2)s1
*C(=O)Cc1ccc(-c2ccc(*)cc2)s1,140,2.4129,CC(=O)Cc1ccc(-c2ccc(C)cc2)s1
*c1ccc(C(=O)Cc2ccc(*)s2)cc1,140,2.4129,Cc1ccc(C(=O)Cc2ccc(C)s2)cc1
*CC(=O)c1ccc(-c2ccc(*)cc2)cc1,141,2.336,CCC(=O)c1ccc(-c2ccc(C)cc2)cc1
*Cc1ccc(-c2ccc(C(*)=O)cc2)cc1,141,2.336,CCc1ccc(-c2ccc(C(C)=O)cc2)cc1
*C(=O)Cc1ccc(-c2ccc(*)cc2)cc1,141,2.336,CC(=O)Cc1ccc(-c2ccc(C)cc2)cc1
*c1ccc(CC(=O)c2ccc(*)cc2)cc1,141,2.336,Cc1ccc(CC(=O)c2ccc(C)cc2)cc1
*CC(=O)c1ccc(C(*)=O)cc1,142,2.7979,CCC(=O)c1ccc(C(C)=O)cc1
*C(=O)CC(=O)c1ccc(*)cc1,142,2.7979,CC(=O)CC(=O)c1ccc(C)cc1
*CC(=O)c1ccc(C(*)=S)cc1,143,3.7473,CCC(=O)c1ccc(C(C)=S)cc1
*CC(=S)c1ccc(C(*)=O)cc1,143,3.7473,CCC(=S)c1ccc(C(C)=O)cc1
*C(=O)CC(=S)c1ccc(*)cc1,143,3.7473,CC(=O)CC(=S)c1ccc(C)cc1
*C(=S)CC(=O)c1ccc(*)cc1,143,3.7473,CC(=S)CC(=O)c1ccc(C)cc1
*CC(=O)c1ccc(O*)cc1,144,2.3793,COc1ccc(C(=O)CO)cc1
*COc1ccc(C(*)=O)cc1,144,2.3793,CCOc1ccc(C(C)=O)cc1
*C(=O)COc1ccc(*)cc1,144,2.3793,CC(=O)COc1ccc(C)cc1
*OCC(=O)c1ccc(*)cc1,144,2.3793,COCC(=O)c1ccc(O)cc1
*CC(=O)Cc1ccc(*)s1,145,1.6069,CCC(=O)Cc1ccc(C)s1
*Cc1ccc(CC(*)=O)s1,145,1.6069,CCc1ccc(CC(C)=O)s1
*CC(=O)Cc1ccc(*)cc1,146,1.8209,CCC(=O)Cc1ccc(C)cc1
*Cc1ccc(CC(*)=O)cc1,146,1.8209,CCc1ccc(CC(C)=O)cc1
*CC(=O)CC(*)=O,147,1.5258,CCC(=O)CC(C)=O
*CC(=O)CC(*)=S,148,3.0632,CCC(=O)CC(C)=S
*CC(=S)CC(*)=O,148,3.0632,CCC(=S)CC(C)=O
*CC(=O)CO*,149,1.6393,COCC(=O)CO
*COCC(*)=O,149,1.6393,CCOCC(C)=O
*CC(=O)C(=S)c1ccc(*)s1,150,3.7805,CCC(=O)C(=S)c1ccc(C)s1
*Cc1ccc(C(=S)C(*)=O)s1,150,3.7805,CCc1ccc(C(=S)C(C)=O)s1
*C(=O)Cc1ccc(C(*)=S)s1,150,3.7805,CC(=O)Cc1ccc(C(C)=S)s1
*C(=S)C(=O)Cc1ccc(*)s1,150,3.7805,CC(=S)C(=O)Cc1ccc(C)s1
*CC(=O)C(=S)c1ccc(*)cc1,151,3.6382,CCC(=O)C(=S)c1ccc(C)cc1
*Cc1ccc(C(=S)C(*)=O)cc1,151,3.6382,CCc1ccc(C(=S)C(C)=O)cc1
*C(=O)Cc1ccc(C(*)=S)cc1,151,3.6382,CC(=O)Cc1ccc(C(C)=S)cc1
*C(=S)C(=O)Cc1ccc(*)cc1,151,3.6382,CC(=S)C(=O)Cc1ccc(C)cc1
*CC(=O)C(=S)C(*)=O,152,4.8698,CCC(=O)C(=S)C(C)=O
*C(=O)CC(=O)C(*)=S,152,4.8698,CC(=O)CC(=O)C(C)=S
*CC(=O)C(=S)O*,153,2.8847,COC(=S)C(=O)CO
*COC(=S)C(*)=O,153,2.8847,CCOC(=S)C(C)=O
*C(=O)COC(*)=S,153,2.8847,CC(=O)COC(C)=S
*OCC(=O)C(*)=S,153,2.8847,COCC(=O)C(O)=S
*CC(=O)Nc1ccc(*)s1,154,1.3272,CCC(=O)Nc1ccc(C)s1
*Cc1ccc(NC(*)=O)s1,154,1.3272,CCc1ccc(NC(C)=O)s1
*Nc1ccc(CC(*)=O)s1,154,1.3272,CNc1ccc(CC(N)=O)s1
*NC(=O)Cc1ccc(*)s1,154,1.3272,CNC(=O)Cc1ccc(N)s1
*CC(=O)Nc1ccc(*)cc1,155,1.369,CCC(=O)Nc1ccc(C)cc1
*Cc1ccc(NC(*)=O)cc1,155,1.369,CCc1ccc(NC(C)=O)cc1
*Nc1ccc(CC(*)=O)cc1,155,1.369,CNc1ccc(CC(N)=O)cc1
*NC(=O)Cc1ccc(*)cc1,155,1.369,CNC(=O)Cc1ccc(N)cc1
*CC(=O)NC(*)=O,156,1.5835,CCC(=O)NC(C)=O
*NC(=O)CC(*)=O,156,1.5835,CNC(=O)CC(N)=O
*CC(=O)NC(*)=S,157,2.9562,CCC(=O)NC(C)=S
*CC(=S)NC(*)=O,157,2.9562,CCC(=S)NC(C)=O
*NC(=S)CC(*)=O,157,2.9562,CNC(=S)CC(N)=O
*NC(=O)CC(*)=S,157,2.9562,CNC(=O)CC(N)=S
*CC(=O)Oc1ccc(*)s1,158,1.4534,CCC(=O)Oc1ccc(C)s1
*Cc1ccc(OC(*)=O)s1,158,1.4534,CCc1ccc(OC(C)=O)s1
*Oc1ccc(CC(*)=O)s1,158,1.4534,COc1ccc(CC(=O)O)s1
*OC(=O)Cc1ccc(*)s1,158,1.4534,COC(=O)Cc1ccc(O)s1
*CC(=O)OC(*)=O,159,2.2158,CCC(=O)OC(C)=O
*OC(=O)CC(*)=O,159,2.2158,COC(=O)CC(=O)O
*CC(=O)OC(*)=S,160,3.1169,CCC(=O)OC(C)=S
*CC(=S)OC(*)=O,160,3.1169,CCC(=S)OC(C)=O
*OC(=S)CC(*)=O,160,3.1169,COC(=S)CC(=O)O
*OC(=O)CC(*)=S,160,3.1169,COC(=O)CC(O)=S
*CC(=S)c1ccc(C(*)=S)s1,161,2.8676,CCC(=S)c1ccc(C(C)=S)s1
*C(=S)CC(=S)c1ccc(*)s1,161,2.8676,CC(=S)CC(=S)c1ccc(C)s1
*CC(=S)c1ccc(O*)s1,162,3.131,COc1ccc(C(=S)CO)s1
*COc1ccc(C(*)=S)s1,162,3.131,CCOc1ccc(C(C)=S)s1
*C(=S)COc1ccc(*)s1,162,3.131,CC(=S)COc1ccc(C)s1
*OCC(=S)c1ccc(*)s1,162,3.131,COCC(=S)c1ccc(O)s1
*CC(=S)c1ccc(C(*)=S)cc1,163,2.9742,CCC(=S)c1ccc(C(C)=S)cc1
*C(=S)CC(=S)c1ccc(*)cc1,163,2.9742,CC(=S)CC(=S)c1ccc(C)cc1
*CC(=S)c1ccc(N*)cc1,164,3.0309,CNc1ccc(C(=S)CN)cc1
*CNc1ccc(C(*)=S)cc1,164,3.0309,CCNc1ccc(C(C)=S)cc1
*C(=S)CNc1ccc(*)cc1,164,3.0309,CC(=S)CNc1ccc(C)cc1
*NCC(=S)c1ccc(*)cc1,164,3.0309,CNCC(=S)c1ccc(N)cc1
*CC(=S)c1ccc(O*)cc1,165,3.1915,COc1ccc(C(=S)CO)cc1
*COc1ccc(C(*)=S)cc1,165,3.1915,CCOc1ccc(C(C)=S)cc1
*C(=S)COc1ccc(*)cc1,165,3.1915,CC(=S)COc1ccc(C)cc1
*OCC(=S)c1ccc(*)cc1,165,3.1915,COCC(=S)c1ccc(O)cc1
*CC(=S)CO*,166,2.5664,COCC(=S)CO
*COCC(*)=S,166,2.5664,CCOCC(C)=S
*CC(=S)C(=O)O*,167,3.8755,COC(=O)C(=S)CO
*COC(=O)C(*)=S,167,3.8755,CCOC(=O)C(C)=S
*C(=O)OCC(*)=S,167,3.8755,CC(=O)OCC(C)=S
*OCC(=S)C(*)=O,167,3.8755,COCC(=S)C(=O)O
*CC(=S)NO*,168,2.2076,CONC(=S)CO
*CONC(*)=S,168,2.2076,CCONC(C)=S
*NOCC(*)=S,168,2.2076,CNOCC(N)=S
*NC(=S)CO*,168,2.2076,NOCC(=S)NO
*CNc1ccc(-c2ccc(*)cc2)s1,169,1.6671,CCNc1ccc(-c2ccc(C)cc2)s1
*Cc1ccc(-c2ccc(N*)s2)cc1,169,1.6671,CNc1ccc(-c2ccc(CN)cc2)s1
*NCc1ccc(-c2ccc(*)s2)cc1,169,1.6671,CNCc1ccc(-c2ccc(N)s2)cc1
*c1ccc(CNc2ccc(*)s2)cc1,169,1.6671,Cc1ccc(CNc2ccc(C)s2)cc1
*CNc1ccc(C(*)=O)s1,170,2.2797,CCNc1ccc(C(C)=O)s1
*CC(=O)c1ccc(N*)s1,170,2.2797,CNc1ccc(C(=O)CN)s1
*NCC(=O)c1ccc(*)s1,170,2.2797,CNCC(=O)c1ccc(N)s1
*C(=O)CNc1ccc(*)s1,170,2.2797,CC(=O)CNc1ccc(C)s1
*CNc1ccc(C(*)=S)s1,171,2.9244,CCNc1ccc(C(C)=S)s1
*CC(=S)c1ccc(N*)s1,171,2.9244,CNc1ccc(C(=S)CN)s1
*NCC(=S)c1ccc(*)s1,171,2.9244,CNCC(=S)c1ccc(N)s1
*C(=S)CNc1ccc(*)s1,171,2.9244,CC(=S)CNc1ccc(C)s1
*CNc1ccc(N*)s1,172,0.5629,CNc1ccc(NCN)s1
*NCNc1ccc(*)s1,172,0.5629,CNCNc1ccc(N)s1
*CNc1ccc(O*)s1,173,0.8203,COc1ccc(NCO)s1
*COc1ccc(N*)s1,173,0.8203,CNc1ccc(OCN)s1
*NCOc1ccc(*)s1,173,0.8203,CNCOc1ccc(N)s1
*OCNc1ccc(*)s1,173,0.8203,COCNc1ccc(O)s1
*CNc1ccc(-c2ccc(*)s2)cc1,174,1.292,CCNc1ccc(-c2ccc(C)s2)cc1
*Cc1ccc(-c2ccc(N*)cc2)s1,174,1.292,CNc1ccc(-c2ccc(CN)s2)cc1
*NCc1ccc(-c2ccc(*)cc2)s1,174,1.292,CNCc1ccc(-c2ccc(N)cc2)s1
*c1ccc(NCc2ccc(*)s2)cc1,174,1.292,Cc1ccc(NCc2ccc(C)s2)cc1
*CNc1ccc(N*)cc1,175,0.54,CNc1ccc(NCN)cc1
*NCNc1ccc(*)cc1,175,0.54,CNCNc1ccc(N)cc1
*CNc1ccc(O*)cc1,176,0.7695,COc1ccc(NCO)cc1
*COc1ccc(N*)cc1,176,0.7695,CNc1ccc(OCN)cc1
*NCOc1ccc(*)cc1,176,0.7695,CNCOc1ccc(N)cc1
*OCNc1ccc(*)cc1,176,0.7695,COCNc1ccc(O)cc1
*CNCc1ccc(*)s1,177,1.1612,CCNCc1ccc(C)s1
*Cc1ccc(CN*)s1,177,1.1612,CNCc1ccc(CN)s1
*CNCc1ccc(*)cc1,178,1.2974,CCNCc1ccc(C)cc1
*Cc1ccc(CN*)cc1,178,1.2974,CNCc1ccc(CN)cc1
*CNCC(*)=O,179,1.6269,CCNCC(C)=O
*CC(=O)CN*,179,1.6269,CNCC(=O)CN
*CNCC(*)=S,180,2.6857,CCNCC(C)=S
*CC(=S)CN*,180,2.6857,CNCC(=S)CN
*CNCN*,181,0.8689,CNCNCN
*CNCO*,182,0.7624,COCNCO
*COCN*,182,0.7624,CNCOCN
*CNC(=O)c1ccc(*)s1,183,1.968,CCNC(=O)c1ccc(C)s1
*Cc1ccc(C(=O)N*)s1,183,1.968,CNC(=O)c1ccc(CN)s1
*NCc1ccc(C(*)=O)s1,183,1.968,CNCc1ccc(C(N)=O)s1
*C(=O)NCc1ccc(*)s1,183,1.968,CC(=O)NCc1ccc(C)s1
*CNC(=O)C(*)=S,184,4.0732,CCNC(=O)C(C)=S
*CC(=S)C(=O)N*,184,4.0732,CNC(=O)C(=S)CN
*NCC(=S)C(*)=O,184,4.0732,CNCC(=S)C(N)=O
*C(=O)NCC(*)=S,184,4.0732,CC(=O)NCC(C)=S
*CNC(=S)c1ccc(*)s1,185,2.3974,CCNC(=S)c1ccc(C)s1
*Cc1ccc(C(=S)N*)s1,185,2.3974,CNC(=S)c1ccc(CN)s1
*NCc1ccc(C(*)=S)s1,185,2.3974,CNCc1ccc(C(N)=S)s1
*C(=S)NCc1ccc(*)s1,185,2.3974,CC(=S)NCc1ccc(C)s1
*CNC(=S)c1ccc(*)cc1,186,2.3012,CCNC(=S)c1ccc(C)cc1
*Cc1ccc(C(=S)N*)cc1,186,2.3012,CNC(=S)c1ccc(CN)cc1
*NCc1ccc(C(*)=S)cc1,186,2.3012,CNCc1ccc(C(N)=S)cc1
*C(=S)NCc1ccc(*)cc1,186,2.3012,CC(=S)NCc1ccc(C)cc1
*CNC(=S)C(*)=O,187,3.7481,CCNC(=S)C(C)=O
*CC(=O)C(=S)N*,187,3.7481,CNC(=S)C(=O)CN
*NCC(=O)C(*)=S,187,3.7481,CNCC(=O)C(N)=S
*C(=O)CNC(*)=S,187,3.7481,CC(=O)CNC(C)=S
*CNC(=S)N*,188,1.4813,CNC(=S)NCN
*NCNC(*)=S,188,1.4813,CNCNC(N)=S
*CNC(=S)O*,189,1.5976,COC(=S)NCO
*COC(=S)N*,189,1.5976,CNC(=S)OCN
*NCOC(*)=S,189,1.5976,CNCOC(N)=S
*OCNC(*)=S,189,1.5976,COCNC(O)=S
*CNOc1ccc(*)s1,190,1.0659,CCNOc1ccc(C)s1
*Cc1ccc(ON*)s1,190,1.0659,CNOc1ccc(CN)s1
*NCc1ccc(O*)s1,190,1.0659,NOc1ccc(CNO)s1
*ONCc1ccc(*)s1,190,1.0659,CONCc1ccc(O)s1
*CNOc1ccc(*)cc1,191,0.891,CCNOc1ccc(C)cc1
*Cc1ccc(ON*)cc1,191,0.891,CNOc1ccc(CN)cc1
*NCc1ccc(O*)cc1,191,0.891,NOc1ccc(CNO)cc1
*ONCc1ccc(*)cc1,191,0.891,CONCc1ccc(O)cc1
*CNOC(*)=S,192,2.5,CCNOC(C)=S
*CC(=S)ON*,192,2.5,CNOC(=S)CN
*NCC(=S)O*,192,2.5,NOC(=S)CNO
*ONCC(*)=S,192,2.5,CONCC(O)=S
*CNON*,193,0.9652,CNONCN
*NCNO*,193,0.9652,NONCNO
*COc1ccc(-c2ccc(*)cc2)s1,194,1.6377,CCOc1ccc(-c2ccc(C)cc2)s1
*Cc1ccc(-c2ccc(O*)s2)cc1,194,1.6377,COc1ccc(-c2ccc(CO)cc2)s1
*OCc1ccc(-c2ccc(*)s2)cc1,194,1.6377,COCc1ccc(-c2ccc(O)s2)cc1
*c1ccc(COc2ccc(*)s2)cc1,194,1.6377,Cc1ccc(COc2ccc(C)s2)cc1
*COc1ccc(O*)s1,195,0.8857,COc1ccc(OCO)s1
*OCOc1ccc(*)s1,195,0.8857,COCOc1ccc(O)s1
*COc1ccc(O*)cc1,196,0.9466,COc1ccc(OCO)cc1
*OCOc1ccc(*)cc1,196,0.9466,COCOc1ccc(O)cc1
*COC(=O)O*,197,0.7529,COC(=O)OCO
*OCOC(*)=O,197,0.7529,COCOC(=O)O
*COC(=S)O*,198,2.0771,COC(=S)OCO
*OCOC(*)=S,198,2.0771,COCOC(O)=S
*CONC(*)=O,199,1.2523,CCONC(C)=O
*CC(=O)NO*,199,1.2523,CONC(=O)CO
*NC(=O)CO*,199,1.2523,NOCC(=O)NO
*NOCC(*)=O,199,1.2523,CNOCC(N)=O
*CONO*,200,0.421,CONOCO
*NOCO*,200,0.421,NOCONO
*C(=O)c1ccc(-c2ccc(-c3ccc(*)s3)s2)s1,201,3.453,CC(=O)c1ccc(-c2ccc(-c3ccc(C)s3)s2)s1
*c1ccc(C(=O)c2ccc(-c3ccc(*)s3)s2)s1,201,3.453,Cc1ccc(C(=O)c2ccc(-c3ccc(C)s3)s2)s1
*C(=O)c1ccc(-c2ccc(C(*)=S)s2)s1,202,4.1032,CC(=O)c1ccc(-c2ccc(C(C)=S)s2)s1
*C(=O)C(=S)c1ccc(-c2ccc(*)s2)s1,202,4.1032,CC(=O)C(=S)c1ccc(-c2ccc(C)s2)s1
*c1ccc(C(=O)C(=S)c2ccc(*)s2)s1,202,4.1032,Cc1ccc(C(=O)C(=S)c2ccc(C)s2)s1
*C(=S)C(=O)c1ccc(-c2ccc(*)s2)s1,202,4.1032,CC(=S)C(=O)c1ccc(-c2ccc(C)s2)s1
*Oc1ccc(-c2ccc(C(*)=O)s2)s1,203,2.952,COc1ccc(-c2ccc(C(=O)O)s2)s1
*OC(=O)c1ccc(-c2ccc(*)s2)s1,203,2.952,COC(=O)c1ccc(-c2ccc(O)s2)s1
*c1ccc(OC(=O)c2ccc(*)s2)s1,203,2.952,Cc1ccc(OC(=O)c2ccc(C)s2)s1
*C(=O)Oc1ccc(-c2ccc(*)s2)s1,203,2.952,CC(=O)Oc1ccc(-c2ccc(C)s2)s1
*C(=O)c1ccc(-c2ccc(-c3ccc(*)s3)cc2)s1,204,3.2278,CC(=O)c1ccc(-c2ccc(-c3ccc(C)s3)cc2)s1
*c1ccc(-c2ccc(C(=O)c3ccc(*)s3)s2)cc1,204,3.2278,Cc1ccc(-c2ccc(C(=O)c3ccc(C)s3)s2)cc1
*C(=O)c1ccc(-c2ccc(C(*)=S)cc2)s1,205,3.7335,CC(=O)c1ccc(-c2ccc(C(C)=S)cc2)s1
*C(=O)C(=S)c1ccc(-c2ccc(*)s2)cc1,205,3.7335,CC(=O)C(=S)c1ccc(-c2ccc(C)s2)cc1
*c1ccc(C(=S)C(=O)c2ccc(*)s2)cc1,205,3.7335,Cc1ccc(C(=S)C(=O)c2ccc(C)s2)cc1
*C(=S)C(=O)c1ccc(-c2ccc(*)cc2)s1,205,3.7335,CC(=S)C(=O)c1ccc(-c2ccc(C)cc2)s1
*Oc1ccc(-c2ccc(C(*)=O)s2)cc1,206,2.9075,COc1ccc(-c2ccc(C(=O)O)s2)cc1
*OC(=O)c1ccc(-c2ccc(*)cc2)s1,206,2.9075,COC(=O)c1ccc(-c2ccc(O)cc2)s1
*c1ccc(OC(=O)c2ccc(*)s2)cc1,206,2.9075,Cc1ccc(OC(=O)c2ccc(C)s2)cc1
*C(=O)Oc1ccc(-c2ccc(*)s2)cc1,206,2.9075,CC(=O)Oc1ccc(-c2ccc(C)s2)cc1
*C(=O)c1ccc(C(=O)c2ccc(*)s2)s1,207,4.0693,CC(=O)c1ccc(C(=O)c2ccc(C)s2)s1
*C(=O)c1ccc(C(=O)C(*)=S)s1,208,4.6396,CC(=O)c1ccc(C(=O)C(C)=S)s1
*C(=O)C(=S)C(=O)c1ccc(*)s1,208,4.6396,CC(=O)C(=S)C(=O)c1ccc(C)s1
*OC(=O)c1ccc(C(*)=O)s1,209,3.3779,COC(=O)c1ccc(C(=O)O)s1
*C(=O)OC(=O)c1ccc(*)s1,209,3.3779,CC(=O)OC(=O)c1ccc(C)s1
*OC(=S)c1ccc(C(*)=O)s1,210,4.037,COC(=S)c1ccc(C(=O)O)s1
*OC(=O)c1ccc(C(*)=S)s1,210,4.037,COC(=O)c1ccc(C(O)=S)s1
*C(=S)OC(=O)c1ccc(*)s1,210,4.037,CC(=S)OC(=O)c1ccc(C)s1
*C(=O)OC(=S)c1ccc(*)s1,210,4.037,CC(=O)OC(=S)c1ccc(C)s1
*C(=O)c1ccc(Oc2ccc(*)s2)s1,211,2.882,CC(=O)c1ccc(Oc2ccc(C)s2)s1
*Oc1ccc(C(=O)c2ccc(*)s2)s1,211,2.882,COc1ccc(C(=O)c2ccc(O)s2)s1
*C(=O)c1ccc(OC(*)=S)s1,212,3.2522,CC(=O)c1ccc(OC(C)=S)s1
*C(=O)C(=S)Oc1ccc(*)s1,212,3.2522,CC(=O)C(=S)Oc1ccc(C)s1
*OC(=S)C(=O)c1ccc(*)s1,212,3.2522,COC(=S)C(=O)c1ccc(O)s1
*Oc1ccc(C(=O)C(*)=S)s1,212,3.2522,COc1ccc(C(=O)C(O)=S)s1
*C(=O)c1ccc(-c2ccc(-c3ccc(*)cc3)s2)cc1,213,2.8757,CC(=O)c1ccc(-c2ccc(-c3ccc(C)cc3)s2)cc1
*c1ccc(C(=O)c2ccc(-c3ccc(*)s3)cc2)cc1,213,2.8757,Cc1ccc(C(=O)c2ccc(-c3ccc(C)s3)cc2)cc1
*Oc1ccc(-c2ccc(C(*)=O)cc2)s1,214,2.3086,COc1ccc(-c2ccc(C(=O)O)cc2)s1
*OC(=O)c1ccc(-c2ccc(*)s2)cc1,214,2.3086,COC(=O)c1ccc(-c2ccc(O)s2)cc1
*c1ccc(C(=O)Oc2ccc(*)s2)cc1,214,2.3086,Cc1ccc(C(=O)Oc2ccc(C)s2)cc1
*C(=O)Oc1ccc(-c2ccc(*)cc2)s1,214,2.3086,CC(=O)Oc1ccc(-c2ccc(C)cc2)s1
*C(=O)c1ccc(-c2ccc(-c3ccc(*)cc3)cc2)cc1,215,2.6442,CC(=O)c1ccc(-c2ccc(-c3ccc(C)cc3)cc2)cc1
*c1ccc(C(=O)c2ccc(-c3ccc(*)cc3)cc2)cc1,215,2.6442,Cc1ccc(C(=O)c2ccc(-c3ccc(C)cc3)cc2)cc1
*C(=O)c1ccc(-c2ccc(C(*)=S)cc2)cc1,216,3.6994,CC(=O)c1ccc(-c2ccc(C(C)=S)cc2)cc1
*C(=O)C(=S)c1ccc(-c2ccc(*)cc2)cc1,216,3.6994,CC(=O)C(=S)c1ccc(-c2ccc(C)cc2)cc1
*c1ccc(C(=O)C(=S)c2ccc(*)cc2)cc1,216,3.6994,Cc1ccc(C(=O)C(=S)c2ccc(C)cc2)cc1
*C(=S)C(=O)c1ccc(-c2ccc(*)cc2)cc1,216,3.6994,CC(=S)C(=O)c1ccc(-c2ccc(C)cc2)cc1
*C(=O)c1ccc(C(=O)c2ccc(*)s2)cc1,217,3.6543,CC(=O)c1ccc(C(=O)c2ccc(C)s2)cc1
*C(=O)c1ccc(C(=O)c2ccc(*)cc2)s1,217,3.6543,CC(=O)c1ccc(C(=O)c2ccc(C)cc2)s1
*C(=O)c1ccc(C(=O)c2ccc(*)cc2)cc1,218,2.1866,CC(=O)c1ccc(C(=O)c2ccc(C)cc2)cc1
*C(=O)c1ccc(C(=O)C(*)=S)cc1,219,3.783,CC(=O)c1ccc(C(=O)C(C)=S)cc1
*C(=O)C(=S)C(=O)c1ccc(*)cc1,219,3.783,CC(=O)C(=S)C(=O)c1ccc(C)cc1
*OC(=S)c1ccc(C(*)=O)cc1,220,3.4955,COC(=S)c1ccc(C(=O)O)cc1
*OC(=O)c1ccc(C(*)=S)cc1,220,3.4955,COC(=O)c1ccc(C(O)=S)cc1
*C(=S)OC(=O)c1ccc(*)cc1,220,3.4955,CC(=S)OC(=O)c1ccc(C)cc1
*C(=O)OC(=S)c1ccc(*)cc1,220,3.4955,CC(=O)OC(=S)c1ccc(C)cc1
*C(=O)c1ccc(Oc2ccc(*)s2)cc1,221,2.5289,CC(=O)c1ccc(Oc2ccc(C)s2)cc1
*C(=O)c1ccc(Oc2ccc(*)cc2)s1,221,2.5289,CC(=O)c1ccc(Oc2ccc(C)cc2)s1
*Oc1ccc(C(=O)c2ccc(*)cc2)s1,221,2.5289,COc1ccc(C(=O)c2ccc(O)cc2)s1
*Oc1ccc(C(=O)c2ccc(*)s2)cc1,221,2.5289,COc1ccc(C(=O)c2ccc(O)s2)cc1
*C(=O)c1ccc(OC(*)=S)cc1,222,3.2631,CC(=O)c1ccc(OC(C)=S)cc1
*C(=O)C(=S)Oc1ccc(*)cc1,222,3.2631,CC(=O)C(=S)Oc1ccc(C)cc1
*OC(=S)C(=O)c1ccc(*)cc1,222,3.2631,COC(=S)C(=O)c1ccc(O)cc1
*Oc1ccc(C(=O)C(*)=S)cc1,222,3.2631,COc1ccc(C(=O)C(O)=S)cc1
*C(=O)Oc1ccc(C(*)=S)s1,223,3.8482,CC(=O)Oc1ccc(C(C)=S)s1
*Oc1ccc(C(=S)C(*)=O)s1,223,3.8482,COc1ccc(C(=S)C(=O)O)s1
*OC(=O)C(=S)c1ccc(*)s1,223,3.8482,COC(=O)C(=S)c1ccc(O)s1
*C(=S)C(=O)Oc1ccc(*)s1,223,3.8482,CC(=S)C(=O)Oc1ccc(C)s1
*Oc1ccc(OC(*)=O)s1,224,1.7594,COc1ccc(OC(=O)O)s1
*OC(=O)Oc1ccc(*)s1,224,1.7594,COC(=O)Oc1ccc(O)s1
*C(=O)Oc1ccc(C(*)=S)cc1,225,3.6938,CC(=O)Oc1ccc(C(C)=S)cc1
*Oc1ccc(C(=S)C(*)=O)cc1,225,3.6938,COc1ccc(C(=S)C(=O)O)cc1
*OC(=O)C(=S)c1ccc(*)cc1,225,3.6938,COC(=O)C(=S)c1ccc(O)cc1
*C(=S)C(=O)Oc1ccc(*)cc1,225,3.6938,CC(=S)C(=O)Oc1ccc(C)cc1
*OC(=O)OC(*)=O,226,2.3361,COC(=O)OC(=O)O
*OC(=S)OC(*)=O,227,3.1486,COC(=S)OC(=O)O
*OC(=O)OC(*)=S,227,3.1486,COC(=O)OC(O)=S
*Nc1ccc(-c2ccc(-c3ccc(*)s3)s2)s1,228,2.2798,CNc1ccc(-c2ccc(-c3ccc(N)s3)s2)s1
*c1ccc(Nc2ccc(-c3ccc(*)s3)s2)s1,228,2.2798,Cc1ccc(Nc2ccc(-c3ccc(C)s3)s2)s1
*Cc1ccc(-c2ccc(N*)s2)s1,229,1.6017,CNc1ccc(-c2ccc(CN)s2)s1
*CNc1ccc(-c2ccc(*)s2)s1,229,1.6017,CCNc1ccc(-c2ccc(C)s2)s1
*c1ccc(CNc2ccc(*)s2)s1,229,1.6017,Cc1ccc(CNc2ccc(C)s2)s1
*NCc1ccc(-c2ccc(*)s2)s1,229,1.6017,CNCc1ccc(-c2ccc(N)s2)s1
*Nc1ccc(-c2ccc(C(*)=O)s2)s1,230,2.9191,CNc1ccc(-c2ccc(C(N)=O)s2)s1
*NC(=O)c1ccc(-c2ccc(*)s2)s1,230,2.9191,CNC(=O)c1ccc(-c2ccc(N)s2)s1
*c1ccc(NC(=O)c2ccc(*)s2)s1,230,2.9191,Cc1ccc(NC(=O)c2ccc(C)s2)s1
*C(=O)Nc1ccc(-c2ccc(*)s2)s1,230,2.9191,CC(=O)Nc1ccc(-c2ccc(C)s2)s1
*Nc1ccc(-c2ccc(C(*)=S)s2)s1,231,3.3026,CNc1ccc(-c2ccc(C(N)=S)s2)s1
*NC(=S)c1ccc(-c2ccc(*)s2)s1,231,3.3026,CNC(=S)c1ccc(-c2ccc(N)s2)s1
*c1ccc(NC(=S)c2ccc(*)s2)s1,231,3.3026,Cc1ccc(NC(=S)c2ccc(C)s2)s1
*C(=S)Nc1ccc(-c2ccc(*)s2)s1,231,3.3026,CC(=S)Nc1ccc(-c2ccc(C)s2)s1
*Nc1ccc(-c2ccc(-c3ccc(*)s3)cc2)s1,232,2.0751,CNc1ccc(-c2ccc(-c3ccc(N)s3)cc2)s1
*c1ccc(-c2ccc(Nc3ccc(*)s3)s2)cc1,232,2.0751,Cc1ccc(-c2ccc(Nc3ccc(C)s3)s2)cc1
*Nc1ccc(-c2ccc(C(*)=S)cc2)s1,233,2.3374,CNc1ccc(-c2ccc(C(N)=S)cc2)s1
*NC(=S)c1ccc(-c2ccc(*)s2)cc1,233,2.3374,CNC(=S)c1ccc(-c2ccc(N)s2)cc1
*c1ccc(C(=S)Nc2ccc(*)s2)cc1,233,2.3374,Cc1ccc(C(=S)Nc2ccc(C)s2)cc1
*C(=S)Nc1ccc(-c2ccc(*)cc2)s1,233,2.3374,CC(=S)Nc1ccc(-c2ccc(C)cc2)s1
*Nc1ccc(C(=O)c2ccc(*)s2)s1,234,3.0129,CNc1ccc(C(=O)c2ccc(N)s2)s1
*C(=O)c1ccc(Nc2ccc(*)s2)s1,234,3.0129,CC(=O)c1ccc(Nc2ccc(C)s2)s1
*Nc1ccc(C(=O)C(*)=S)s1,235,4.1937,CNc1ccc(C(=O)C(N)=S)s1
*NC(=S)C(=O)c1ccc(*)s1,235,4.1937,CNC(=S)C(=O)c1ccc(N)s1
*C(=O)C(=S)Nc1ccc(*)s1,235,4.1937,CC(=O)C(=S)Nc1ccc(C)s1
*C(=O)c1ccc(NC(*)=S)s1,235,4.1937,CC(=O)c1ccc(NC(C)=S)s1
*Nc1ccc(C(=S)c2ccc(*)s2)s1,236,3.5786,CNc1ccc(C(=S)c2ccc(N)s2)s1
*C(=S)c1ccc(Nc2ccc(*)s2)s1,236,3.5786,CC(=S)c1ccc(Nc2ccc(C)s2)s1
*Nc1ccc(C(=S)c2ccc(*)cc2)s1,237,2.9139,CNc1ccc(C(=S)c2ccc(N)cc2)s1
*Nc1ccc(C(=S)c2ccc(*)s2)cc1,237,2.9139,CNc1ccc(C(=S)c2ccc(N)s2)cc1
*C(=S)c1ccc(Nc2ccc(*)s2)cc1,237,2.9139,CC(=S)c1ccc(Nc2ccc(C)s2)cc1
*C(=S)c1ccc(Nc2ccc(*)cc2)s1,237,2.9139,CC(=S)c1ccc(Nc2ccc(C)cc2)s1
*Nc1ccc(Nc2ccc(*)s2)s1,238,1.4393,CNc1ccc(Nc2ccc(N)s2)s1
*Nc1ccc(NC(*)=S)s1,239,2.2133,CNc1ccc(NC(N)=S)s1
*NC(=S)Nc1ccc(*)s1,239,2.2133,CNC(=S)Nc1ccc(N)s1
*Nc1ccc(Oc2ccc(*)s2)s1,240,1.1067,CNc1ccc(Oc2ccc(N)s2)s1
*Oc1ccc(Nc2ccc(*)s2)s1,240,1.1067,COc1ccc(Nc2ccc(O)s2)s1
*Nc1ccc(OC(*)=S)s1,241,2.3032,CNc1ccc(OC(N)=S)s1
*NC(=S)Oc1ccc(*)s1,241,2.3032,CNC(=S)Oc1ccc(N)s1
*OC(=S)Nc1ccc(*)s1,241,2.3032,COC(=S)Nc1ccc(O)s1
*Oc1ccc(NC(*)=S)s1,241,2.3032,COc1ccc(NC(O)=S)s1
*Nc1ccc(-c2ccc(-c3ccc(*)s3)s2)cc1,242,1.6696,CNc1ccc(-c2ccc(-c3ccc(N)s3)s2)cc1
*Nc1ccc(-c2ccc(-c3ccc(*)cc3)s2)s1,242,1.6696,CNc1ccc(-c2ccc(-c3ccc(N)cc3)s2)s1
*c1ccc(Nc2ccc(-c3ccc(*)s3)s2)cc1,242,1.6696,Cc1ccc(Nc2ccc(-c3ccc(C)s3)s2)cc1
*c1ccc(Nc2ccc(-c3ccc(*)s3)cc2)s1,242,1.6696,Cc1ccc(Nc2ccc(-c3ccc(C)s3)cc2)s1
*Nc1ccc(-c2ccc(-c3ccc(*)cc3)s2)cc1,243,1.9491,CNc1ccc(-c2ccc(-c3ccc(N)cc3)s2)cc1
*c1ccc(Nc2ccc(-c3ccc(*)s3)cc2)cc1,243,1.9491,Cc1ccc(Nc2ccc(-c3ccc(C)s3)cc2)cc1
*Nc1ccc(-c2ccc(C(*)=S)s2)cc1,244,3.1722,CNc1ccc(-c2ccc(C(N)=S)s2)cc1
*NC(=S)c1ccc(-c2ccc(*)cc2)s1,244,3.1722,CNC(=S)c1ccc(-c2ccc(N)cc2)s1
*c1ccc(NC(=S)c2ccc(*)s2)cc1,244,3.1722,Cc1ccc(NC(=S)c2ccc(C)s2)cc1
*C(=S)Nc1ccc(-c2ccc(*)s2)cc1,244,3.1722,CC(=S)Nc1ccc(-c2ccc(C)s2)cc1
*Nc1ccc(-c2ccc(-c3ccc(*)s3)cc2)cc1,245,1.8885,CNc1ccc(-c2ccc(-c3ccc(N)s3)cc2)cc1
*Nc1ccc(-c2ccc(-c3ccc(*)cc3)cc2)s1,245,1.8885,CNc1ccc(-c2ccc(-c3ccc(N)cc3)cc2)s1
*c1ccc(Nc2ccc(-c3ccc(*)cc3)s2)cc1,245,1.8885,Cc1ccc(Nc2ccc(-c3ccc(C)cc3)s2)cc1
*c1ccc(-c2ccc(Nc3ccc(*)s3)cc2)cc1,245,1.8885,Cc1ccc(-c2ccc(Nc3ccc(C)s3)cc2)cc1
*Nc1ccc(-c2ccc(-c3ccc(*)cc3)cc2)cc1,246,1.5312,CNc1ccc(-c2ccc(-c3ccc(N)cc3)cc2)cc1
*c1ccc(Nc2ccc(-c3ccc(*)cc3)cc2)cc1,246,1.5312,Cc1ccc(Nc2ccc(-c3ccc(C)cc3)cc2)cc1
*Cc1ccc(-c2ccc(N*)cc2)cc1,247,1.1363,CNc1ccc(-c2ccc(CN)cc2)cc1
*CNc1ccc(-c2ccc(*)cc2)cc1,247,1.1363,CCNc1ccc(-c2ccc(C)cc2)cc1
*c1ccc(CNc2ccc(*)cc2)cc1,247,1.1363,Cc1ccc(CNc2ccc(C)cc2)cc1
*NCc1ccc(-c2ccc(*)cc2)cc1,247,1.1363,CNCc1ccc(-c2ccc(N)cc2)cc1
*Nc1ccc(-c2ccc(C(*)=S)cc2)cc1,248,2.5787,CNc1ccc(-c2ccc(C(N)=S)cc2)cc1
*NC(=S)c1ccc(-c2ccc(*)cc2)cc1,248,2.5787,CNC(=S)c1ccc(-c2ccc(N)cc2)cc1
*c1ccc(NC(=S)c2ccc(*)cc2)cc1,248,2.5787,Cc1ccc(NC(=S)c2ccc(C)cc2)cc1
*C(=S)Nc1ccc(-c2ccc(*)cc2)cc1,248,2.5787,CC(=S)Nc1ccc(-c2ccc(C)cc2)cc1
*Nc1ccc(C(=O)c2ccc(*)s2)cc1,249,2.4618,CNc1ccc(C(=O)c2ccc(N)s2)cc1
*Nc1ccc(C(=O)c2ccc(*)cc2)s1,249,2.4618,CNc1ccc(C(=O)c2ccc(N)cc2)s1
*C(=O)c1ccc(Nc2ccc(*)cc2)s1,249,2.4618,CC(=O)c1ccc(Nc2ccc(C)cc2)s1
*C(=O)c1ccc(Nc2ccc(*)s2)cc1,249,2.4618,CC(=O)c1ccc(Nc2ccc(C)s2)cc1
*Nc1ccc(C(=O)C(*)=S)cc1,250,4.0513,CNc1ccc(C(=O)C(N)=S)cc1
*NC(=S)C(=O)c1ccc(*)cc1,250,4.0513,CNC(=S)C(=O)c1ccc(N)cc1
*C(=O)C(=S)Nc1ccc(*)cc1,250,4.0513,CC(=O)C(=S)Nc1ccc(C)cc1
*C(=O)c1ccc(NC(*)=S)cc1,250,4.0513,CC(=O)c1ccc(NC(C)=S)cc1
*Nc1ccc(C(=O)O*)cc1,251,2.5642,NOC(=O)c1ccc(NO)cc1
*NOC(=O)c1ccc(*)cc1,251,2.5642,CNOC(=O)c1ccc(N)cc1
*C(=O)ONc1ccc(*)cc1,251,2.5642,CC(=O)ONc1ccc(C)cc1
*ONc1ccc(C(*)=O)cc1,251,2.5642,CONc1ccc(C(=O)O)cc1
*Nc1ccc(C(=S)c2ccc(*)cc2)cc1,252,3.0683,CNc1ccc(C(=S)c2ccc(N)cc2)cc1
*C(=S)c1ccc(Nc2ccc(*)cc2)cc1,252,3.0683,CC(=S)c1ccc(Nc2ccc(C)cc2)cc1
*Nc1ccc(Nc2ccc(*)s2)cc1,253,1.0698,CNc1ccc(Nc2ccc(N)s2)cc1
*Nc1ccc(Nc2ccc(*)cc2)s1,253,1.0698,CNc1ccc(Nc2ccc(N)cc2)s1
*Nc1ccc(Oc2ccc(*)s2)cc1,254,1.1598,CNc1ccc(Oc2ccc(N)s2)cc1
*Nc1ccc(Oc2ccc(*)cc2)s1,254,1.1598,CNc1ccc(Oc2ccc(N)cc2)s1
*Oc1ccc(Nc2ccc(*)cc2)s1,254,1.1598,COc1ccc(Nc2ccc(O)cc2)s1
*Oc1ccc(Nc2ccc(*)s2)cc1,254,1.1598,COc1ccc(Nc2ccc(O)s2)cc1
*Nc1ccc(Oc2ccc(*)cc2)cc1,255,1.1501,CNc1ccc(Oc2ccc(N)cc2)cc1
*Oc1ccc(Nc2ccc(*)cc2)cc1,255,1.1501,COc1ccc(Nc2ccc(O)cc2)cc1
*Nc1ccc(OC(*)=S)cc1,256,2.1606,CNc1ccc(OC(N)=S)cc1
*NC(=S)Oc1ccc(*)cc1,256,2.1606,CNC(=S)Oc1ccc(N)cc1
*OC(=S)Nc1ccc(*)cc1,256,2.1606,COC(=S)Nc1ccc(O)cc1
*Oc1ccc(NC(*)=S)cc1,256,2.1606,COc1ccc(NC(O)=S)cc1
*NC(=O)c1ccc(-c2ccc(*)cc2)s1,257,2.6235,CNC(=O)c1ccc(-c2ccc(N)cc2)s1
*Nc1ccc(-c2ccc(C(*)=O)s2)cc1,257,2.6235,CNc1ccc(-c2ccc(C(N)=O)s2)cc1
*C(=O)Nc1ccc(-c2ccc(*)s2)cc1,257,2.6235,CC(=O)Nc1ccc(-c2ccc(C)s2)cc1
*c1ccc(NC(=O)c2ccc(*)s2)cc1,257,2.6235,Cc1ccc(NC(=O)c2ccc(C)s2)cc1
*NC(=O)c1ccc(C(*)=O)s1,258,3.408,CNC(=O)c1ccc(C(N)=O)s1
*C(=O)NC(=O)c1ccc(*)s1,258,3.408,CC(=O)NC(=O)c1ccc(C)s1
*NC(=O)c1ccc(C(*)=S)s1,259,3.7504,CNC(=O)c1ccc(C(N)=S)s1
*NC(=S)c1ccc(C(*)=O)s1,259,3.7504,CNC(=S)c1ccc(C(N)=O)s1
*C(=O)NC(=S)c1ccc(*)s1,259,3.7504,CC(=O)NC(=S)c1ccc(C)s1
*C(=S)NC(=O)c1ccc(*)s1,259,3.7504,CC(=S)NC(=O)c1ccc(C)s1
*NC(=O)c1ccc(O*)s1,260,2.2174,NOc1ccc(C(=O)NO)s1
*NOc1ccc(C(*)=O)s1,260,2.2174,CNOc1ccc(C(N)=O)s1
*C(=O)NOc1ccc(*)s1,260,2.2174,CC(=O)NOc1ccc(C)s1
*ONC(=O)c1ccc(*)s1,260,2.2174,CONC(=O)c1ccc(O)s1
*NC(=O)c1ccc(-c2ccc(*)s2)cc1,261,2.1302,CNC(=O)c1ccc(-c2ccc(N)s2)cc1
*Nc1ccc(-c2ccc(C(*)=O)cc2)s1,261,2.1302,CNc1ccc(-c2ccc(C(N)=O)cc2)s1
*C(=O)Nc1ccc(-c2ccc(*)cc2)s1,261,2.1302,CC(=O)Nc1ccc(-c2ccc(C)cc2)s1
*c1ccc(C(=O)Nc2ccc(*)s2)cc1,261,2.1302,Cc1ccc(C(=O)Nc2ccc(C)s2)cc1
*NC(=O)c1ccc(-c2ccc(*)cc2)cc1,262,2.3815,CNC(=O)c1ccc(-c2ccc(N)cc2)cc1
*Nc1ccc(-c2ccc(C(*)=O)cc2)cc1,262,2.3815,CNc1ccc(-c2ccc(C(N)=O)cc2)cc1
*C(=O)Nc1ccc(-c2ccc(*)cc2)cc1,262,2.3815,CC(=O)Nc1ccc(-c2ccc(C)cc2)cc1
*c1ccc(NC(=O)c2ccc(*)cc2)cc1,262,2.3815,Cc1ccc(NC(=O)c2ccc(C)cc2)cc1
*NC(=O)c1ccc(C(*)=S)cc1,263,3.4516,CNC(=O)c1ccc(C(N)=S)cc1
*NC(=S)c1ccc(C(*)=O)cc1,263,3.4516,CNC(=S)c1ccc(C(N)=O)cc1
*C(=O)NC(=S)c1ccc(*)cc1,263,3.4516,CC(=O)NC(=S)c1ccc(C)cc1
*C(=S)NC(=O)c1ccc(*)cc1,263,3.4516,CC(=S)NC(=O)c1ccc(C)cc1
*NC(=O)c1ccc(O*)cc1,264,2.0709,NOc1ccc(C(=O)NO)cc1
*NOc1ccc(C(*)=O)cc1,264,2.0709,CNOc1ccc(C(N)=O)cc1
*C(=O)NOc1ccc(*)cc1,264,2.0709,CC(=O)NOc1ccc(C)cc1
*ONC(=O)c1ccc(*)cc1,264,2.0709,CONC(=O)c1ccc(O)cc1
*NC(=O)C(=S)c1ccc(*)s1,265,3.9034,CNC(=O)C(=S)c1ccc(N)s1
*Nc1ccc(C(=S)C(*)=O)s1,265,3.9034,CNc1ccc(C(=S)C(N)=O)s1
*C(=O)Nc1ccc(C(*)=S)s1,265,3.9034,CC(=O)Nc1ccc(C(C)=S)s1
*C(=S)C(=O)Nc1ccc(*)s1,265,3.9034,CC(=S)C(=O)Nc1ccc(C)s1
*NC(=O)C(=S)c1ccc(*)cc1,266,3.6154,CNC(=O)C(=S)c1ccc(N)cc1
*Nc1ccc(C(=S)C(*)=O)cc1,266,3.6154,CNc1ccc(C(=S)C(N)=O)cc1
*C(=O)Nc1ccc(C(*)=S)cc1,266,3.6154,CC(=O)Nc1ccc(C(C)=S)cc1
*C(=S)C(=O)Nc1ccc(*)cc1,266,3.6154,CC(=S)C(=O)Nc1ccc(C)cc1
*NC(=O)C(=S)C(*)=O,267,5.1781,CNC(=O)C(=S)C(N)=O
*C(=O)NC(=O)C(*)=S,267,5.1781,CC(=O)NC(=O)C(C)=S
*NC(=O)C(=S)O*,268,4.3681,NOC(=S)C(=O)NO
*NOC(=S)C(*)=O,268,4.3681,CNOC(=S)C(N)=O
*C(=O)NOC(*)=S,268,4.3681,CC(=O)NOC(C)=S
*ONC(=O)C(*)=S,268,4.3681,CONC(=O)C(O)=S
*NC(=O)Nc1ccc(*)s1,269,1.6045,CNC(=O)Nc1ccc(N)s1
*Nc1ccc(NC(*)=O)s1,269,1.6045,CNc1ccc(NC(N)=O)s1
*NC(=O)NC(*)=O,270,2.041,CNC(=O)NC(N)=O
*NC(=O)NC(*)=S,271,3.7029,CNC(=O)NC(N)=S
*NC(=S)NC(*)=O,271,3.7029,CNC(=S)NC(N)=O
*NC(=O)NO*,272,1.9635,NONC(=O)NO
*NONC(*)=O,272,1.9635,CNONC(N)=O
*NC(=O)Oc1ccc(*)s1,273,1.551,CNC(=O)Oc1ccc(N)s1
*Nc1ccc(OC(*)=O)s1,273,1.551,CNc1ccc(OC(N)=O)s1
*Oc1ccc(NC(*)=O)s1,273,1.551,COc1ccc(NC(=O)O)s1
*OC(=O)Nc1ccc(*)s1,273,1.551,COC(=O)Nc1ccc(O)s1
*NC(=O)Oc1ccc(*)cc1,274,1.3447,CNC(=O)Oc1ccc(N)cc1
*Nc1ccc(OC(*)=O)cc1,274,1.3447,CNc1ccc(OC(N)=O)cc1
*Oc1ccc(NC(*)=O)cc1,274,1.3447,COc1ccc(NC(=O)O)cc1
*OC(=O)Nc1ccc(*)cc1,274,1.3447,COC(=O)Nc1ccc(O)cc1
*NC(=O)OC(*)=S,275,3.7701,CNC(=O)OC(N)=S
*NC(=S)OC(*)=O,275,3.7701,CNC(=S)OC(N)=O
*OC(=S)NC(*)=O,275,3.7701,COC(=S)NC(=O)O
*OC(=O)NC(*)=S,275,3.7701,COC(=O)NC(O)=S
*NC(=S)c1ccc(O*)s1,276,2.8874,NOc1ccc(C(=S)NO)s1
*NOc1ccc(C(*)=S)s1,276,2.8874,CNOc1ccc(C(N)=S)s1
*C(=S)NOc1ccc(*)s1,276,2.8874,CC(=S)NOc1ccc(C)s1
*ONC(=S)c1ccc(*)s1,276,2.8874,CONC(=S)c1ccc(O)s1
*NC(=S)c1ccc(O*)cc1,277,2.5935,NOc1ccc(C(=S)NO)cc1
*NOc1ccc(C(*)=S)cc1,277,2.5935,CNOc1ccc(C(N)=S)cc1
*C(=S)NOc1ccc(*)cc1,277,2.5935,CC(=S)NOc1ccc(C)cc1
*ONC(=S)c1ccc(*)cc1,277,2.5935,CONC(=S)c1ccc(O)cc1
*NC(=S)C(=O)O*,278,4.0646,NOC(=O)C(=S)NO
*NOC(=O)C(*)=S,278,4.0646,CNOC(=O)C(N)=S
*C(=O)ONC(*)=S,278,4.0646,CC(=O)ONC(C)=S
*ONC(=S)C(*)=O,278,4.0646,CONC(=S)C(=O)O
*NC(=S)Nc1ccc(*)cc1,279,2.0356,CNC(=S)Nc1ccc(N)cc1
*Nc1ccc(NC(*)=S)cc1,279,2.0356,CNc1ccc(NC(N)=S)cc1
*NC(=S)NC(*)=S,280,4.2115,CNC(=S)NC(N)=S
*NC(=S)NO*,281,2.2894,NONC(=S)NO
*NONC(*)=S,281,2.2894,CNONC(N)=S
*NC(=S)OC(*)=S,282,4.0637,CNC(=S)OC(N)=S
*OC(=S)NC(*)=S,282,4.0637,COC(=S)NC(O)=S
*NOC(=O)O*,283,1.6985,NOC(=O)ONO
*ONOC(*)=O,283,1.6985,CONOC(=O)O
*NOC(=S)O*,284,2.7178,NOC(=S)ONO
*ONOC(*)=S,284,2.7178,CONOC(O)=S
*NC(=S)Nc1ccc(NC(=S)Nc2ccc(Oc3ccc(*)cc3)cc2)cc1,285,2.2298,CNC(=S)Nc1ccc(NC(=S)Nc2ccc(Oc3ccc(N)cc3)cc2)cc1
*Nc1ccc(Oc2ccc(NC(=S)Nc3ccc(NC(*)=S)cc3)cc2)cc1,285,2.2298,CNc1ccc(Oc2ccc(NC(=S)Nc3ccc(NC(N)=S)cc3)cc2)cc1
*Nc1ccc(NC(=S)Nc2ccc(Oc3ccc(NC(*)=S)cc3)cc2)cc1,285,2.2298,CNc1ccc(NC(=S)Nc2ccc(Oc3ccc(NC(N)=S)cc3)cc2)cc1
*NC(=S)Nc1ccc(Oc2ccc(NC(=S)Nc3ccc(*)cc3)cc2)cc1,285,2.2298,CNC(=S)Nc1ccc(Oc2ccc(NC(=S)Nc3ccc(N)cc3)cc2)cc1
*Oc1ccc(NC(=S)Nc2ccc(NC(=S)Nc3ccc(*)cc3)cc2)cc1,285,2.2298,COc1ccc(NC(=S)Nc2ccc(NC(=S)Nc3ccc(O)cc3)cc2)cc1
*NC(=S)Nc1ccc(Cc2ccc(*)cc2)cc1,286,1.379,CNC(=S)Nc1ccc(Cc2ccc(N)cc2)cc1
*Nc1ccc(Cc2ccc(NC(*)=S)cc2)cc1,286,1.379,CNc1ccc(Cc2ccc(NC(N)=S)cc2)cc1
*Cc1ccc(NC(=S)Nc2ccc(*)cc2)cc1,286,1.379,CCc1ccc(NC(=S)Nc2ccc(C)cc2)cc1
*CCOCCOC(=O)Nc1ccc(C)c(NC(=O)O*)c1,287,0.755,COC(=O)Nc1cc(NC(=O)OCCOCCO)ccc1C
*COCCOC(=O)Nc1ccc(C)c(NC(=O)OC*)c1,287,0.755,CCOCCOC(=O)Nc1ccc(C)c(NC(=O)OCC)c1
*CCOC(=O)Nc1cc(NC(=O)OCCO*)ccc1C,287,0.755,COCCOC(=O)Nc1ccc(C)c(NC(=O)OCCO)c1
*CCOC(=O)Nc1ccc(C)c(NC(=O)OCCO*)c1,287,0.755,COCCOC(=O)Nc1cc(NC(=O)OCCO)ccc1C
*COCCOC(=O)Nc1cc(NC(=O)OC*)ccc1C,287,0.755,CCOCCOC(=O)Nc1cc(NC(=O)OCC)ccc1C
*CCOCCOC(=O)Nc1cc(NC(=O)O*)ccc1C,287,0.755,COC(=O)Nc1ccc(C)c(NC(=O)OCCOCCO)c1
*OCCOCCOC(=O)Nc1cc(NC(*)=O)ccc1C,287,0.755,COCCOCCOC(=O)Nc1cc(NC(=O)O)ccc1C
*Nc1ccc(C)c(NC(=O)OCCOCCOC(*)=O)c1,287,0.755,CNc1ccc(C)c(NC(=O)OCCOCCOC(N)=O)c1
*NC(=O)OCCOCCOC(=O)Nc1cc(*)ccc1C,287,0.755,CNC(=O)OCCOCCOC(=O)Nc1cc(N)ccc1C
*NC(=O)OCCOCCOC(=O)Nc1ccc(C)c(*)c1,287,0.755,CNC(=O)OCCOCCOC(=O)Nc1ccc(C)c(N)c1
*Nc1cc(NC(=O)OCCOCCOC(*)=O)ccc1C,287,0.755,CNc1cc(NC(=O)OCCOCCOC(N)=O)ccc1C
*OCCOCCOC(=O)Nc1ccc(C)c(NC(*)=O)c1,287,0.755,COCCOCCOC(=O)Nc1ccc(C)c(NC(=O)O)c1
*NC(=O)OC(*)=O,288,2.561,CNC(=O)OC(N)=O
*OC(=O)NC(*)=O,288,2.561,COC(=O)NC(=O)O
*OC(=O)C(=S)C(*)=O,289,5.1004,COC(=O)C(=S)C(=O)O
*C(=O)OC(=O)C(*)=S,289,5.1004,CC(=O)OC(=O)C(C)=S
*OCCC(=O)CC(=O)Oc1ccc(*)cc1,290,2.0323,COCCC(=O)CC(=O)Oc1ccc(O)cc1
*CCC(=O)CC(=O)Oc1ccc(O*)cc1,290,2.0323,COc1ccc(OC(=O)CC(=O)CCO)cc1
*COc1ccc(OC(=O)CC(=O)C*)cc1,290,2.0323,CCOc1ccc(OC(=O)CC(=O)CC)cc1
*CCOc1ccc(OC(=O)CC(*)=O)cc1,290,2.0323,CCCOc1ccc(OC(=O)CC(C)=O)cc1
*CC(=O)Oc1ccc(OCCC(*)=O)cc1,290,2.0323,CCC(=O)Oc1ccc(OCCC(C)=O)cc1
*CC(=O)CCOc1ccc(OC(*)=O)cc1,290,2.0323,CCC(=O)CCOc1ccc(OC(C)=O)cc1
*Oc1ccc(OCCC(=O)CC(*)=O)cc1,290,2.0323,COc1ccc(OCCC(=O)CC(=O)O)cc1
*OC(=O)CC(=O)CCOc1ccc(*)cc1,290,2.0323,COC(=O)CC(=O)CCOc1ccc(O)cc1
*CCOC(=S)NC(=S)c1ccc(N*)cc1,291,2.6209,CNc1ccc(C(=S)NC(=S)OCCN)cc1
*CNc1ccc(C(=S)NC(=S)OC*)cc1,291,2.6209,CCNc1ccc(C(=S)NC(=S)OCC)cc1
*CCNc1ccc(C(=S)NC(=S)O*)cc1,291,2.6209,COC(=S)NC(=S)c1ccc(NCCO)cc1
*OCCNc1ccc(C(=S)NC(*)=S)cc1,291,2.6209,COCCNc1ccc(C(=S)NC(O)=S)cc1
*NC(=S)c1ccc(NCCOC(*)=S)cc1,291,2.6209,CNC(=S)c1ccc(NCCOC(N)=S)cc1
*NC(=S)OCCNc1ccc(C(*)=S)cc1,291,2.6209,CNC(=S)OCCNc1ccc(C(N)=S)cc1
*C(=S)NC(=S)OCCNc1ccc(*)cc1,291,2.6209,CC(=S)NC(=S)OCCNc1ccc(C)cc1
*NCCOC(=S)NC(=S)c1ccc(*)cc1,291,2.6209,CNCCOC(=S)NC(=S)c1ccc(N)cc1
*CNCCCOCO*,292,0.6155,COCOCCCNCO
*COCOCCCN*,292,0.6155,CNCCCOCOCN
*CCCOCOCN*,292,0.6155,CNCOCOCCCN
*CCOCOCNC*,292,0.6155,CCCOCOCNCC
*CCNCOCOC*,292,0.6155,CCCNCOCOCC
*CCCNCOCO*,292,0.6155,COCOCNCCCO
*COCNCCCO*,292,0.6155,COCCCNCOCO
*COCCCNCO*,292,0.6155,COCNCCCOCO
*CNCNC(=O)NC(=O)N*,293,0.7092,CNC(=O)NC(=O)NCNCN
*CNC(=O)NC(=O)NCN*,293,0.7092,CNCNC(=O)NC(=O)NCN
*NCNCNC(=O)NC(*)=O,293,0.7092,CNCNCNC(=O)NC(N)=O
*NC(=O)NCNCNC(*)=O,293,0.7092,CNC(=O)NCNCNC(N)=O
*CNC(=O)NCOCO*,294,0.7808,COCOCNC(=O)NCO
*COCOCNC(=O)N*,294,0.7808,CNC(=O)NCOCOCN
*NCOCOCNC(*)=O,294,0.7808,CNCOCOCNC(N)=O
*COCNC(=O)NCO*,294,0.7808,COCNC(=O)NCOCO
*CNC(=O)ONC(=O)NO*,295,1.4002,CONC(=O)NOC(=O)NCO
*CONC(=O)NOC(=O)N*,295,1.4002,CNC(=O)ONC(=O)NOCN
*NCONC(=O)NOC(*)=O,295,1.4002,CNCONC(=O)NOC(N)=O
*ONC(=O)NOCNC(*)=O,295,1.4002,CONC(=O)NOCNC(=O)O
*NC(=O)NOCNC(=O)O*,295,1.4002,NOC(=O)NCONC(=O)NO
*NOC(=O)NCONC(*)=O,295,1.4002,CNOC(=O)NCONC(N)=O
*NOCNC(=O)ONC(*)=O,295,1.4002,CNOCNC(=O)ONC(N)=O
*NC(=O)NOC(=O)NCO*,295,1.4002,NOCNC(=O)ONC(=O)NO
*COCOCCCO*,296,0.6927,COCCCOCOCO
*COCCCOCO*,296,0.6927,COCOCCCOCO
*CCCOCOCO*,296,0.6927,COCOCOCCCO
*CCOCOCOC*,296,0.6927,CCCOCOCOCC
*CNCCNC(=O)OC*,297,0.5903,CCNCCNC(=O)OCC
*CCOC(=O)NCCN*,297,0.5903,CNCCNC(=O)OCCN
*CCNC(=O)OCCN*,297,0.5903,CNCCOC(=O)NCCN
*CNCCOC(=O)NC*,297,0.5903,CCNCCOC(=O)NCC
*CCNCCOC(=O)N*,297,0.5903,CNC(=O)OCCNCCN
*NCCNCCOC(*)=O,297,0.5903,CNCCNCCOC(N)=O
*OCCNCCNC(*)=O,297,0.5903,COCCNCCNC(=O)O
*CCNCCNC(=O)O*,297,0.5903,COC(=O)NCCNCCO
*C(=O)c1ccc(NC(=S)Oc2ccc(Nc3ccc(*)s3)s2)s1,298,2.7059,CC(=O)c1ccc(NC(=S)Oc2ccc(Nc3ccc(C)s3)s2)s1
*C(=O)c1ccc(Nc2ccc(OC(=S)Nc3ccc(*)s3)s2)s1,298,2.7059,CC(=O)c1ccc(Nc2ccc(OC(=S)Nc3ccc(C)s3)s2)s1
*NC(=S)Oc1ccc(Nc2ccc(C(=O)c3ccc(*)s3)s2)s1,298,2.7059,CNC(=S)Oc1ccc(Nc2ccc(C(=O)c3ccc(N)s3)s2)s1
*Nc1ccc(C(=O)c2ccc(Nc3ccc(OC(*)=S)s3)s2)s1,298,2.7059,CNc1ccc(C(=O)c2ccc(Nc3ccc(OC(N)=S)s3)s2)s1
*Oc1ccc(Nc2ccc(C(=O)c3ccc(NC(*)=S)s3)s2)s1,298,2.7059,COc1ccc(Nc2ccc(C(=O)c3ccc(NC(O)=S)s3)s2)s1
*OC(=S)Nc1ccc(C(=O)c2ccc(Nc3ccc(*)s3)s2)s1,298,2.7059,COC(=S)Nc1ccc(C(=O)c2ccc(Nc3ccc(O)s3)s2)s1
*Nc1ccc(C(=O)c2ccc(NC(=S)Oc3ccc(*)s3)s2)s1,298,2.7059,CNc1ccc(C(=O)c2ccc(NC(=S)Oc3ccc(N)s3)s2)s1
*Nc1ccc(OC(=S)Nc2ccc(C(=O)c3ccc(*)s3)s2)s1,298,2.7059,CNc1ccc(OC(=S)Nc2ccc(C(=O)c3ccc(N)s3)s2)s1
*NOC(=O)NCC(=O)NC(*)=O,299,2.0185,CNOC(=O)NCC(=O)NC(N)=O
*NC(=O)NC(=O)CNC(=O)O*,299,2.0185,NOC(=O)NCC(=O)NC(=O)NO
*ONC(=O)NC(=O)CNC(*)=O,299,2.0185,CONC(=O)NC(=O)CNC(=O)O
*NCC(=O)NC(=O)NOC(*)=O,299,2.0185,CNCC(=O)NC(=O)NOC(N)=O
*CC(=O)NC(=O)NOC(=O)N*,299,2.0185,CNC(=O)ONC(=O)NC(=O)CN
*CNC(=O)ONC(=O)NC(*)=O,299,2.0185,CCNC(=O)ONC(=O)NC(C)=O
*NC(=O)NOC(=O)NCC(*)=O,299,2.0185,CNC(=O)NOC(=O)NCC(N)=O
*NC(=O)CNC(=O)ONC(*)=O,299,2.0185,CNC(=O)CNC(=O)ONC(N)=O
*NCCCNC(=O)NC(*)=O,300,0.6578,CNCCCNC(=O)NC(N)=O
*CCCNC(=O)NC(=O)N*,300,0.6578,CNC(=O)NC(=O)NCCCN
*CCNC(=O)NC(=O)NC*,300,0.6578,CCCNC(=O)NC(=O)NCC
*NC(=O)NCCCNC(*)=O,300,0.6578,CNC(=O)NCCCNC(N)=O
*Nc1ccc(NC(=O)NC(=O)NC(*)=O)s1,301,1.5146,CNc1ccc(NC(=O)NC(=O)NC(N)=O)s1
*NC(=O)NC(=O)NC(=O)Nc1ccc(*)s1,301,1.5146,CNC(=O)NC(=O)NC(=O)Nc1ccc(N)s1
*NC(=O)NC(=O)Nc1ccc(NC(*)=O)s1,301,1.5146,CNC(=O)NC(=O)Nc1ccc(NC(N)=O)s1
*NC(=O)Nc1ccc(NC(=O)NC(*)=O)s1,301,1.5146,CNC(=O)Nc1ccc(NC(=O)NC(N)=O)s1
*NCNC(=O)OC(=O)NC(*)=O,302,1.6859,CNCNC(=O)OC(=O)NC(N)=O
*CNC(=O)OC(=O)NC(=O)N*,302,1.6859,CNC(=O)NC(=O)OC(=O)NCN
*CNC(=O)NC(=O)OC(=O)N*,302,1.6859,CNC(=O)OC(=O)NC(=O)NCN
*NCNC(=O)NC(=O)OC(*)=O,302,1.6859,CNCNC(=O)NC(=O)OC(N)=O
*OC(=O)NC(=O)NCNC(*)=O,302,1.6859,COC(=O)NC(=O)NCNC(=O)O
*OC(=O)NCNC(=O)NC(*)=O,302,1.6859,COC(=O)NCNC(=O)NC(=O)O
*NC(=O)NCNC(=O)OC(*)=O,302,1.6859,CNC(=O)NCNC(=O)OC(N)=O
*NC(=O)OC(=O)NCNC(*)=O,302,1.6859,CNC(=O)OC(=O)NCNC(N)=O
*Oc1ccc(C(=O)c2ccc(C(=O)NOC(*)=O)s2)cc1,303,3.5136,COc1ccc(C(=O)c2ccc(C(=O)NOC(=O)O)s2)cc1
*OC(=O)ONC(=O)c1ccc(C(=O)c2ccc(*)cc2)s1,303,3.5136,COC(=O)ONC(=O)c1ccc(C(=O)c2ccc(O)cc2)s1
*C(=O)c1ccc(C(=O)NOC(=O)Oc2ccc(*)cc2)s1,303,3.5136,CC(=O)c1ccc(C(=O)NOC(=O)Oc2ccc(C)cc2)s1
*C(=O)c1ccc(OC(=O)ONC(=O)c2ccc(*)s2)cc1,303,3.5136,CC(=O)c1ccc(OC(=O)ONC(=O)c2ccc(C)s2)cc1
*C(=O)NOC(=O)Oc1ccc(C(=O)c2ccc(*)s2)cc1,303,3.5136,CC(=O)NOC(=O)Oc1ccc(C(=O)c2ccc(C)s2)cc1
*NOC(=O)Oc1ccc(C(=O)c2ccc(C(*)=O)s2)cc1,303,3.5136,CNOC(=O)Oc1ccc(C(=O)c2ccc(C(N)=O)s2)cc1
*NC(=O)c1ccc(C(=O)c2ccc(OC(=O)O*)cc2)s1,303,3.5136,NOC(=O)Oc1ccc(C(=O)c2ccc(C(=O)NO)s2)cc1
*ONC(=O)c1ccc(C(=O)c2ccc(OC(*)=O)cc2)s1,303,3.5136,CONC(=O)c1ccc(C(=O)c2ccc(OC(=O)O)cc2)s1
*c1ccc(C(F)(F)c2ccc(C(*)(F)F)s2)s1,304,2.5399,Cc1ccc(C(F)(F)c2ccc(C(C)(F)F)s2)s1
*C(=S)C(F)(F)c1ccc(C(*)(F)F)s1,305,4.1531,CC(=S)C(F)(F)c1ccc(C(C)(F)F)s1
*c1ccc(C(F)(F)C(=S)C(*)(F)F)s1,305,4.1531,Cc1ccc(C(F)(F)C(=S)C(C)(F)F)s1
*OC(F)(F)c1ccc(C(*)(F)F)s1,306,2.3901,COC(F)(F)c1ccc(C(O)(F)F)s1
*c1ccc(C(F)(F)OC(*)(F)F)s1,306,2.3901,Cc1ccc(C(F)(F)OC(C)(F)F)s1
*c1ccc(C(F)(F)c2ccc(C(*)(F)F)cc2)s1,307,2.9023,Cc1ccc(C(F)(F)c2ccc(C(C)(F)F)cc2)s1
*c1ccc(C(F)(F)c2ccc(C(*)(F)F)s2)cc1,307,2.9023,Cc1ccc(C(F)(F)c2ccc(C(C)(F)F)s2)cc1
*c1ccc(C(F)(F)c2ccc(C(*)(F)F)cc2)cc1,308,2.0599,Cc1ccc(C(F)(F)c2ccc(C(C)(F)F)cc2)cc1
*C(=S)C(F)(F)c1ccc(C(*)(F)F)cc1,309,4.0037,CC(=S)C(F)(F)c1ccc(C(C)(F)F)cc1
*c1ccc(C(F)(F)C(=S)C(*)(F)F)cc1,309,4.0037,Cc1ccc(C(F)(F)C(=S)C(C)(F)F)cc1
*OC(F)(F)c1ccc(C(*)(F)F)cc1,310,2.1427,COC(F)(F)c1ccc(C(O)(F)F)cc1
*c1ccc(C(F)(F)OC(*)(F)F)cc1,310,2.1427,Cc1ccc(C(F)(F)OC(C)(F)F)cc1
*C(=S)c1ccc(C(F)(F)C(*)(F)F)s1,311,4.1828,CC(=S)c1ccc(C(F)(F)C(C)(F)F)s1
*C(=S)C(F)(F)C(F)(F)c1ccc(*)s1,311,4.1828,CC(=S)C(F)(F)C(F)(F)c1ccc(C)s1
*c1ccc(C(=S)C(F)(F)C(*)(F)F)s1,311,4.1828,Cc1ccc(C(=S)C(F)(F)C(C)(F)F)s1
*C(F)(F)C(=S)c1ccc(C(*)(F)F)s1,311,4.1828,CC(F)(F)C(=S)c1ccc(C(C)(F)F)s1
*Oc1ccc(C(F)(F)C(*)(F)F)s1,312,1.9642,COc1ccc(C(F)(F)C(O)(F)F)s1
*OC(F)(F)C(F)(F)c1ccc(*)s1,312,1.9642,COC(F)(F)C(F)(F)c1ccc(O)s1
*c1ccc(OC(F)(F)C(*)(F)F)s1,312,1.9642,Cc1ccc(OC(F)(F)C(C)(F)F)s1
*C(F)(F)Oc1ccc(C(*)(F)F)s1,312,1.9642,CC(F)(F)Oc1ccc(C(C)(F)F)s1
*c1ccc(-c2ccc(C(F)(F)C(*)(F)F)cc2)s1,313,2.4773,Cc1ccc(-c2ccc(C(F)(F)C(C)(F)F)cc2)s1
*c1ccc(C(F)(F)C(F)(F)c2ccc(*)s2)cc1,313,2.4773,Cc1ccc(C(F)(F)C(F)(F)c2ccc(C)s2)cc1
*c1ccc(-c2ccc(C(F)(F)C(*)(F)F)s2)cc1,313,2.4773,Cc1ccc(-c2ccc(C(F)(F)C(C)(F)F)s2)cc1
*C(F)(F)c1ccc(-c2ccc(C(*)(F)F)s2)cc1,313,2.4773,CC(F)(F)c1ccc(-c2ccc(C(C)(F)F)s2)cc1
*c1ccc(-c2ccc(C(F)(F)C(*)(F)F)cc2)cc1,314,2.3351,Cc1ccc(-c2ccc(C(F)(F)C(C)(F)F)cc2)cc1
*c1ccc(C(F)(F)C(F)(F)c2ccc(*)cc2)cc1,314,2.3351,Cc1ccc(C(F)(F)C(F)(F)c2ccc(C)cc2)cc1
*C(F)(F)c1ccc(-c2ccc(C(*)(F)F)cc2)cc1,314,2.3351,CC(F)(F)c1ccc(-c2ccc(C(C)(F)F)cc2)cc1
*C(=S)c1ccc(C(F)(F)C(*)(F)F)cc1,315,3.9184,CC(=S)c1ccc(C(F)(F)C(C)(F)F)cc1
*C(=S)C(F)(F)C(F)(F)c1ccc(*)cc1,315,3.9184,CC(=S)C(F)(F)C(F)(F)c1ccc(C)cc1
*c1ccc(C(=S)C(F)(F)C(*)(F)F)cc1,315,3.9184,Cc1ccc(C(=S)C(F)(F)C(C)(F)F)cc1
*C(F)(F)C(=S)c1ccc(C(*)(F)F)cc1,315,3.9184,CC(F)(F)C(=S)c1ccc(C(C)(F)F)cc1
*Oc1ccc(C(F)(F)C(*)(F)F)cc1,316,1.7411,COc1ccc(C(F)(F)C(O)(F)F)cc1
*OC(F)(F)C(F)(F)c1ccc(*)cc1,316,1.7411,COC(F)(F)C(F)(F)c1ccc(O)cc1
*c1ccc(OC(F)(F)C(*)(F)F)cc1,316,1.7411,Cc1ccc(OC(F)(F)C(C)(F)F)cc1
*C(F)(F)Oc1ccc(C(*)(F)F)cc1,316,1.7411,CC(F)(F)Oc1ccc(C(C)(F)F)cc1
*c1ccc(CC(F)(F)C(*)(F)F)s1,317,1.8781,Cc1ccc(CC(F)(F)C(C)(F)F)s1
*CC(F)(F)C(F)(F)c1ccc(*)s1,317,1.8781,CCC(F)(F)C(F)(F)c1ccc(C)s1
*Cc1ccc(C(F)(F)C(*)(F)F)s1,317,1.8781,CCc1ccc(C(F)(F)C(C)(F)F)s1
*C(F)(F)Cc1ccc(C(*)(F)F)s1,317,1.8781,CC(F)(F)Cc1ccc(C(C)(F)F)s1
*c1ccc(CC(F)(F)C(*)(F)F)cc1,318,1.7485,Cc1ccc(CC(F)(F)C(C)(F)F)cc1
*CC(F)(F)C(F)(F)c1ccc(*)cc1,318,1.7485,CCC(F)(F)C(F)(F)c1ccc(C)cc1
*Cc1ccc(C(F)(F)C(*)(F)F)cc1,318,1.7485,CCc1ccc(C(F)(F)C(C)(F)F)cc1
*C(F)(F)Cc1ccc(C(*)(F)F)cc1,318,1.7485,CC(F)(F)Cc1ccc(C(C)(F)F)cc1
*C(=O)CC(F)(F)C(*)(F)F,319,2.8445,CC(=O)CC(F)(F)C(C)(F)F
*CC(F)(F)C(F)(F)C(*)=O,319,2.8445,CCC(F)(F)C(F)(F)C(C)=O
*CC(=O)C(F)(F)C(*)(F)F,319,2.8445,CCC(=O)C(F)(F)C(C)(F)F
*C(F)(F)CC(=O)C(*)(F)F,319,2.8445,CC(F)(F)CC(=O)C(C)(F)F
*C(=S)CC(F)(F)C(*)(F)F,320,3.5657,CC(=S)CC(F)(F)C(C)(F)F
*CC(F)(F)C(F)(F)C(*)=S,320,3.5657,CCC(F)(F)C(F)(F)C(C)=S
*CC(=S)C(F)(F)C(*)(F)F,320,3.5657,CCC(=S)C(F)(F)C(C)(F)F
*C(F)(F)CC(=S)C(*)(F)F,320,3.5657,CC(F)(F)CC(=S)C(C)(F)F
*NCC(F)(F)C(*)(F)F,321,0.6587,CNCC(F)(F)C(N)(F)F
*CC(F)(F)C(F)(F)N*,321,0.6587,CNC(F)(F)C(F)(F)CN
*CNC(F)(F)C(*)(F)F,321,0.6587,CCNC(F)(F)C(C)(F)F
*C(F)(F)CNC(*)(F)F,321,0.6587,CC(F)(F)CNC(C)(F)F
*OCC(F)(F)C(*)(F)F,322,0.6148,COCC(F)(F)C(O)(F)F
*CC(F)(F)C(F)(F)O*,322,0.6148,COC(F)(F)C(F)(F)CO
*COC(F)(F)C(*)(F)F,322,0.6148,CCOC(F)(F)C(C)(F)F
*C(F)(F)COC(*)(F)F,322,0.6148,CC(F)(F)COC(C)(F)F
*c1ccc(C(=O)C(F)(F)C(*)(F)F)s1,323,3.7613,Cc1ccc(C(=O)C(F)(F)C(C)(F)F)s1
*C(=O)C(F)(F)C(F)(F)c1ccc(*)s1,323,3.7613,CC(=O)C(F)(F)C(F)(F)c1ccc(C)s1
*C(=O)c1ccc(C(F)(F)C(*)(F)F)s1,323,3.7613,CC(=O)c1ccc(C(F)(F)C(C)(F)F)s1
*C(F)(F)C(=O)c1ccc(C(*)(F)F)s1,323,3.7613,CC(F)(F)C(=O)c1ccc(C(C)(F)F)s1
*c1ccc(C(=O)C(F)(F)C(*)(F)F)cc1,324,3.4595,Cc1ccc(C(=O)C(F)(F)C(C)(F)F)cc1
*C(=O)C(F)(F)C(F)(F)c1ccc(*)cc1,324,3.4595,CC(=O)C(F)(F)C(F)(F)c1ccc(C)cc1
*C(=O)c1ccc(C(F)(F)C(*)(F)F)cc1,324,3.4595,CC(=O)c1ccc(C(F)(F)C(C)(F)F)cc1
*C(F)(F)C(=O)c1ccc(C(*)(F)F)cc1,324,3.4595,CC(F)(F)C(=O)c1ccc(C(C)(F)F)cc1
*C(=S)C(=O)C(F)(F)C(*)(F)F,325,5.1438,CC(=S)C(=O)C(F)(F)C(C)(F)F
*C(=O)C(F)(F)C(F)(F)C(*)=S,325,5.1438,CC(=O)C(F)(F)C(F)(F)C(C)=S
*C(=O)C(=S)C(F)(F)C(*)(F)F,325,5.1438,CC(=O)C(=S)C(F)(F)C(C)(F)F
*C(F)(F)C(=O)C(=S)C(*)(F)F,325,5.1438,CC(F)(F)C(=O)C(=S)C(C)(F)F
*OC(=S)C(F)(F)C(*)(F)F,326,3.6605,COC(=S)C(F)(F)C(O)(F)F
*OC(F)(F)C(F)(F)C(*)=S,326,3.6605,COC(F)(F)C(F)(F)C(O)=S
*C(=S)OC(F)(F)C(*)(F)F,326,3.6605,CC(=S)OC(F)(F)C(C)(F)F
*C(F)(F)OC(=S)C(*)(F)F,326,3.6605,CC(F)(F)OC(=S)C(C)(F)F
*c1ccc(NC(F)(F)C(*)(F)F)s1,327,1.8646,Cc1ccc(NC(F)(F)C(C)(F)F)s1
*NC(F)(F)C(F)(F)c1ccc(*)s1,327,1.8646,CNC(F)(F)C(F)(F)c1ccc(N)s1
*Nc1ccc(C(F)(F)C(*)(F)F)s1,327,1.8646,CNc1ccc(C(F)(F)C(N)(F)F)s1
*C(F)(F)Nc1ccc(C(*)(F)F)s1,327,1.8646,CC(F)(F)Nc1ccc(C(C)(F)F)s1
*c1ccc(NC(F)(F)C(*)(F)F)cc1,328,1.524,Cc1ccc(NC(F)(F)C(C)(F)F)cc1
*NC(F)(F)C(F)(F)c1ccc(*)cc1,328,1.524,CNC(F)(F)C(F)(F)c1ccc(N)cc1
*Nc1ccc(C(F)(F)C(*)(F)F)cc1,328,1.524,CNc1ccc(C(F)(F)C(N)(F)F)cc1
*C(F)(F)Nc1ccc(C(*)(F)F)cc1,328,1.524,CC(F)(F)Nc1ccc(C(C)(F)F)cc1
*C(=O)NC(F)(F)C(*)(F)F,329,2.4953,CC(=O)NC(F)(F)C(C)(F)F
*NC(F)(F)C(F)(F)C(*)=O,329,2.4953,CNC(F)(F)C(F)(F)C(N)=O
*NC(=O)C(F)(F)C(*)(F)F,329,2.4953,CNC(=O)C(F)(F)C(N)(F)F
*C(F)(F)NC(=O)C(*)(F)F,329,2.4953,CC(F)(F)NC(=O)C(C)(F)F
*C(=S)NC(F)(F)C(*)(F)F,330,3.1022,CC(=S)NC(F)(F)C(C)(F)F
*NC(F)(F)C(F)(F)C(*)=S,330,3.1022,CNC(F)(F)C(F)(F)C(N)=S
*NC(=S)C(F)(F)C(*)(F)F,330,3.1022,CNC(=S)C(F)(F)C(N)(F)F
*C(F)(F)NC(=S)C(*)(F)F,330,3.1022,CC(F)(F)NC(=S)C(C)(F)F
*NOC(F)(F)C(*)(F)F,331,0.9509,CNOC(F)(F)C(N)(F)F
*NC(F)(F)C(F)(F)O*,331,0.9509,NOC(F)(F)C(F)(F)NO
*ONC(F)(F)C(*)(F)F,331,0.9509,CONC(F)(F)C(O)(F)F
*C(F)(F)NOC(*)(F)F,331,0.9509,CC(F)(F)NOC(C)(F)F
*c1ccc(C(F)(F)CC(*)(F)F)s1,332,2.025,Cc1ccc(C(F)(F)CC(C)(F)F)s1
*CC(F)(F)c1ccc(C(*)(F)F)s1,332,2.025,CCC(F)(F)c1ccc(C(C)(F)F)s1
*c1ccc(C(F)(F)CC(*)(F)F)cc1,333,1.9565,Cc1ccc(C(F)(F)CC(C)(F)F)cc1
*CC(F)(F)c1ccc(C(*)(F)F)cc1,333,1.9565,CCC(F)(F)c1ccc(C(C)(F)F)cc1
*C(=O)C(F)(F)CC(*)(F)F,334,3.352,CC(=O)C(F)(F)CC(C)(F)F
*CC(F)(F)C(=O)C(*)(F)F,334,3.352,CCC(F)(F)C(=O)C(C)(F)F
*C(=S)C(F)(F)CC(*)(F)F,335,4.3183,CC(=S)C(F)(F)CC(C)(F)F
*CC(F)(F)C(=S)C(*)(F)F,335,4.3183,CCC(F)(F)C(=S)C(C)(F)F
*NC(F)(F)CC(*)(F)F,336,1.3115,CNC(F)(F)CC(N)(F)F
*CC(F)(F)NC(*)(F)F,336,1.3115,CCC(F)(F)NC(C)(F)F
*OC(F)(F)CC(*)(F)F,337,0.7292,COC(F)(F)CC(O)(F)F
*CC(F)(F)OC(*)(F)F,337,0.7292,CCC(F)(F)OC(C)(F)F
*C(=O)C(F)(F)C(=O)C(*)(F)F,338,4.1382,CC(=O)C(F)(F)C(=O)C(C)(F)F
*OC(F)(F)C(=O)C(*)(F)F,339,3.6501,COC(F)(F)C(=O)C(O)(F)F
*C(=O)C(F)(F)OC(*)(F)F,339,3.6501,CC(=O)C(F)(F)OC(C)(F)F
*OC(F)(F)C(=S)C(*)(F)F,340,4.3264,COC(F)(F)C(=S)C(O)(F)F
*C(=S)C(F)(F)OC(*)(F)F,340,4.3264,CC(=S)C(F)(F)OC(C)(F)F
*c1ccc(C(F)(F)NC(*)(F)F)s1,341,2.4083,Cc1ccc(C(F)(F)NC(C)(F)F)s1
*NC(F)(F)c1ccc(C(*)(F)F)s1,341,2.4083,CNC(F)(F)c1ccc(C(N)(F)F)s1
*c1ccc(C(F)(F)NC(*)(F)F)cc1,342,2.1641,Cc1ccc(C(F)(F)NC(C)(F)F)cc1
*NC(F)(F)c1ccc(C(*)(F)F)cc1,342,2.1641,CNC(F)(F)c1ccc(C(N)(F)F)cc1
*C(=O)C(F)(F)NC(*)(F)F,343,3.7985,CC(=O)C(F)(F)NC(C)(F)F
*NC(F)(F)C(=O)C(*)(F)F,343,3.7985,CNC(F)(F)C(=O)C(N)(F)F
*C(=S)C(F)(F)NC(*)(F)F,344,4.6097,CC(=S)C(F)(F)NC(C)(F)F
*NC(F)(F)C(=S)C(*)(F)F,344,4.6097,CNC(F)(F)C(=S)C(N)(F)F
*NC(F)(F)NC(*)(F)F,345,1.6576,CNC(F)(F)NC(N)(F)F
*OC(F)(F)NC(*)(F)F,346,0.9184,COC(F)(F)NC(O)(F)F
*NC(F)(F)OC(*)(F)F,346,0.9184,CNC(F)(F)OC(N)(F)F
*c1ccc(-c2ccc(-c3ccc(-c4ccc(*)s4)s3)cc2)cc1,347,2.6224,Cc1ccc(-c2ccc(-c3ccc(-c4ccc(C)s4)s3)cc2)cc1
*c1ccc(-c2ccc(-c3ccc(-c4ccc(*)cc4)s3)s2)cc1,347,2.6224,Cc1ccc(-c2ccc(-c3ccc(-c4ccc(C)cc4)s3)s2)cc1
*c1ccc(-c2ccc(-c3ccc(-c4ccc(*)s4)cc3)cc2)s1,347,2.6224,Cc1ccc(-c2ccc(-c3ccc(-c4ccc(C)s4)cc3)cc2)s1
*C(=S)c1ccc(-c2ccc(-c3ccc(*)cc3)cc2)s1,348,3.3959,CC(=S)c1ccc(-c2ccc(-c3ccc(C)cc3)cc2)s1
*C(=S)c1ccc(-c2ccc(-c3ccc(*)s3)cc2)cc1,348,3.3959,CC(=S)c1ccc(-c2ccc(-c3ccc(C)s3)cc2)cc1
*c1ccc(-c2ccc(C(=S)c3ccc(*)s3)cc2)cc1,348,3.3959,Cc1ccc(-c2ccc(C(=S)c3ccc(C)s3)cc2)cc1
*c1ccc(C(=S)c2ccc(-c3ccc(*)cc3)s2)cc1,348,3.3959,Cc1ccc(C(=S)c2ccc(-c3ccc(C)cc3)s2)cc1
*c1ccc(C(=S)c2ccc(-c3ccc(*)s3)s2)cc1,349,3.54,Cc1ccc(C(=S)c2ccc(-c3ccc(C)s3)s2)cc1
*C(=S)c1ccc(-c2ccc(-c3ccc(*)cc3)s2)s1,349,3.54,CC(=S)c1ccc(-c2ccc(-c3ccc(C)cc3)s2)s1
*C(=S)c1ccc(-c2ccc(-c3ccc(*)s3)s2)cc1,349,3.54,CC(=S)c1ccc(-c2ccc(-c3ccc(C)s3)s2)cc1
*c1ccc(C(=S)c2ccc(-c3ccc(*)s3)cc2)s1,349,3.54,Cc1ccc(C(=S)c2ccc(-c3ccc(C)s3)cc2)s1
*Cc1ccc(CO*)s1,350,1.4146,COCc1ccc(CO)s1
*COCc1ccc(*)s1,350,1.4146,CCOCc1ccc(C)s1
*C(=O)c1ccc(C(=S)c2ccc(*)s2)s1,351,4.1286,CC(=O)c1ccc(C(=S)c2ccc(C)s2)s1
*C(=S)c1ccc(C(=O)c2ccc(*)s2)s1,351,4.1286,CC(=S)c1ccc(C(=O)c2ccc(C)s2)s1
*C(=O)c1ccc(-c2ccc(-c3ccc(*)s3)s2)cc1,352,2.775,CC(=O)c1ccc(-c2ccc(-c3ccc(C)s3)s2)cc1
*C(=O)c1ccc(-c2ccc(-c3ccc(*)cc3)s2)s1,352,2.775,CC(=O)c1ccc(-c2ccc(-c3ccc(C)cc3)s2)s1
*c1ccc(C(=O)c2ccc(-c3ccc(*)s3)s2)cc1,352,2.775,Cc1ccc(C(=O)c2ccc(-c3ccc(C)s3)s2)cc1
*c1ccc(C(=O)c2ccc(-c3ccc(*)s3)cc2)s1,352,2.775,Cc1ccc(C(=O)c2ccc(-c3ccc(C)s3)cc2)s1
*C(=O)c1ccc(-c2ccc(C(*)=S)s2)cc1,353,3.8058,CC(=O)c1ccc(-c2ccc(C(C)=S)s2)cc1
*C(=O)C(=S)c1ccc(-c2ccc(*)cc2)s1,353,3.8058,CC(=O)C(=S)c1ccc(-c2ccc(C)cc2)s1
*c1ccc(C(=O)C(=S)c2ccc(*)s2)cc1,353,3.8058,Cc1ccc(C(=O)C(=S)c2ccc(C)s2)cc1
*C(=S)C(=O)c1ccc(-c2ccc(*)s2)cc1,353,3.8058,CC(=S)C(=O)c1ccc(-c2ccc(C)s2)cc1
*C(=O)c1ccc(-c2ccc(-c3ccc(*)s3)cc2)cc1,354,3.0595,CC(=O)c1ccc(-c2ccc(-c3ccc(C)s3)cc2)cc1
*C(=O)c1ccc(-c2ccc(-c3ccc(*)cc3)cc2)s1,354,3.0595,CC(=O)c1ccc(-c2ccc(-c3ccc(C)cc3)cc2)s1
*c1ccc(C(=O)c2ccc(-c3ccc(*)cc3)s2)cc1,354,3.0595,Cc1ccc(C(=O)c2ccc(-c3ccc(C)cc3)s2)cc1
*c1ccc(-c2ccc(C(=O)c3ccc(*)s3)cc2)cc1,354,3.0595,Cc1ccc(-c2ccc(C(=O)c3ccc(C)s3)cc2)cc1
*C(=O)c1ccc(C(=S)c2ccc(*)s2)cc1,355,3.9759,CC(=O)c1ccc(C(=S)c2ccc(C)s2)cc1
*C(=O)c1ccc(C(=S)c2ccc(*)cc2)s1,355,3.9759,CC(=O)c1ccc(C(=S)c2ccc(C)cc2)s1
*C(=S)c1ccc(C(=O)c2ccc(*)cc2)s1,355,3.9759,CC(=S)c1ccc(C(=O)c2ccc(C)cc2)s1
*C(=S)c1ccc(C(=O)c2ccc(*)s2)cc1,355,3.9759,CC(=S)c1ccc(C(=O)c2ccc(C)s2)cc1
*C(=O)c1ccc(C(=S)c2ccc(*)cc2)cc1,356,2.9183,CC(=O)c1ccc(C(=S)c2ccc(C)cc2)cc1
*C(=S)c1ccc(C(=O)c2ccc(*)cc2)cc1,356,2.9183,CC(=S)c1ccc(C(=O)c2ccc(C)cc2)cc1
*Nc1ccc(C(=O)O*)s1,357,2.6486,NOC(=O)c1ccc(NO)s1
*NOC(=O)c1ccc(*)s1,357,2.6486,CNOC(=O)c1ccc(N)s1
*C(=O)ONc1ccc(*)s1,357,2.6486,CC(=O)ONc1ccc(C)s1
*ONc1ccc(C(*)=O)s1,357,2.6486,CONc1ccc(C(=O)O)s1
*CCCCCCNC(=S)Nc1ccc(NC(=S)N*)cc1,358,1.6869,CNC(=S)Nc1ccc(NC(=S)NCCCCCCN)cc1
*CCCCCNC(=S)Nc1ccc(NC(=S)NC*)cc1,358,1.6869,CCCCCCNC(=S)Nc1ccc(NC(=S)NCC)cc1
*CCCCNC(=S)Nc1ccc(NC(=S)NCC*)cc1,358,1.6869,CCCCCNC(=S)Nc1ccc(NC(=S)NCCC)cc1
*CCCNC(=S)Nc1ccc(NC(=S)NCCC*)cc1,358,1.6869,CCCCNC(=S)Nc1ccc(NC(=S)NCCCC)cc1
*NCCCCCCNC(=S)Nc1ccc(NC(*)=S)cc1,358,1.6869,CNCCCCCCNC(=S)Nc1ccc(NC(N)=S)cc1
*Nc1ccc(NC(=S)NCCCCCCNC(*)=S)cc1,358,1.6869,CNc1ccc(NC(=S)NCCCCCCNC(N)=S)cc1
*NC(=S)NCCCCCCNC(=S)Nc1ccc(*)cc1,358,1.6869,CNC(=S)NCCCCCCNC(=S)Nc1ccc(N)cc1
*NC(=O)NC(=O)c1ccc(C(=S)c2ccc(-c3ccc(*)s3)s2)s1,359,2.9241,CNC(=O)NC(=O)c1ccc(C(=S)c2ccc(-c3ccc(N)s3)s2)s1
*Nc1ccc(-c2ccc(C(=S)c3ccc(C(=O)NC(*)=O)s3)s2)s1,359,2.9241,CNc1ccc(-c2ccc(C(=S)c3ccc(C(=O)NC(N)=O)s3)s2)s1
*NC(=O)c1ccc(C(=S)c2ccc(-c3ccc(NC(*)=O)s3)s2)s1,359,2.9241,CNC(=O)c1ccc(C(=S)c2ccc(-c3ccc(NC(N)=O)s3)s2)s1
*NC(=O)Nc1ccc(-c2ccc(C(=S)c3ccc(C(*)=O)s3)s2)s1,359,2.9241,CNC(=O)Nc1ccc(-c2ccc(C(=S)c3ccc(C(N)=O)s3)s2)s1
*C(=O)NC(=O)Nc1ccc(-c2ccc(C(=S)c3ccc(*)s3)s2)s1,359,2.9241,CC(=O)NC(=O)Nc1ccc(-c2ccc(C(=S)c3ccc(C)s3)s2)s1
*C(=S)c1ccc(-c2ccc(NC(=O)NC(=O)c3ccc(*)s3)s2)s1,359,2.9241,CC(=S)c1ccc(-c2ccc(NC(=O)NC(=O)c3ccc(C)s3)s2)s1
*C(=S)c1ccc(C(=O)NC(=O)Nc2ccc(-c3ccc(*)s3)s2)s1,359,2.9241,CC(=S)c1ccc(C(=O)NC(=O)Nc2ccc(-c3ccc(C)s3)s2)s1
*c1ccc(NC(=O)NC(=O)c2ccc(C(=S)c3ccc(*)s3)s2)s1,359,2.9241,Cc1ccc(NC(=O)NC(=O)c2ccc(C(=S)c3ccc(C)s3)s2)s1
*c1ccc(C(=S)c2ccc(C(=S)C(=O)Nc3ccc(-c4ccc(*)s4)cc3)s2)s1,360,3.9089,Cc1ccc(C(=S)c2ccc(C(=S)C(=O)Nc3ccc(-c4ccc(C)s4)cc3)s2)s1
*C(=S)c1ccc(C(=S)C(=O)Nc2ccc(-c3ccc(-c4ccc(*)s4)s3)cc2)s1,360,3.9089,CC(=S)c1ccc(C(=S)C(=O)Nc2ccc(-c3ccc(-c4ccc(C)s4)s3)cc2)s1
*C(=S)c1ccc(-c2ccc(-c3ccc(NC(=O)C(=S)c4ccc(*)s4)cc3)s2)s1,360,3.9089,CC(=S)c1ccc(-c2ccc(-c3ccc(NC(=O)C(=S)c4ccc(C)s4)cc3)s2)s1
*C(=S)C(=O)Nc1ccc(-c2ccc(-c3ccc(C(=S)c4ccc(*)s4)s3)s2)cc1,360,3.9089,CC(=S)C(=O)Nc1ccc(-c2ccc(-c3ccc(C(=S)c4ccc(C)s4)s3)s2)cc1
*C(=O)Nc1ccc(-c2ccc(-c3ccc(C(=S)c4ccc(C(*)=S)s4)s3)s2)cc1,360,3.9089,CC(=O)Nc1ccc(-c2ccc(-c3ccc(C(=S)c4ccc(C(C)=S)s4)s3)s2)cc1
*Nc1ccc(-c2ccc(-c3ccc(C(=S)c4ccc(C(=S)C(*)=O)s4)s3)s2)cc1,360,3.9089,CNc1ccc(-c2ccc(-c3ccc(C(=S)c4ccc(C(=S)C(N)=O)s4)s3)s2)cc1
*NC(=O)C(=S)c1ccc(C(=S)c2ccc(-c3ccc(-c4ccc(*)cc4)s3)s2)s1,360,3.9089,CNC(=O)C(=S)c1ccc(C(=S)c2ccc(-c3ccc(-c4ccc(N)cc4)s3)s2)s1
*c1ccc(NC(=O)C(=S)c2ccc(C(=S)c3ccc(-c4ccc(*)s4)s3)s2)cc1,360,3.9089,Cc1ccc(NC(=O)C(=S)c2ccc(C(=S)c3ccc(-c4ccc(C)s4)s3)s2)cc1
*OCC(=S)c1ccc(C(=S)Cc2ccc(-c3ccc(*)cc3)cc2)s1,361,3.7067,COCC(=S)c1ccc(C(=S)Cc2ccc(-c3ccc(O)cc3)cc2)s1
*CC(=S)c1ccc(C(=S)Cc2ccc(-c3ccc(O*)cc3)cc2)s1,361,3.7067,COc1ccc(-c2ccc(CC(=S)c3ccc(C(=S)CO)s3)cc2)cc1
*COc1ccc(-c2ccc(CC(=S)c3ccc(C(*)=S)s3)cc2)cc1,361,3.7067,CCOc1ccc(-c2ccc(CC(=S)c3ccc(C(C)=S)s3)cc2)cc1
*C(=S)COc1ccc(-c2ccc(CC(=S)c3ccc(*)s3)cc2)cc1,361,3.7067,CC(=S)COc1ccc(-c2ccc(CC(=S)c3ccc(C)s3)cc2)cc1
*C(=S)Cc1ccc(-c2ccc(OCC(=S)c3ccc(*)s3)cc2)cc1,361,3.7067,CC(=S)Cc1ccc(-c2ccc(OCC(=S)c3ccc(C)s3)cc2)cc1
*Cc1ccc(-c2ccc(OCC(=S)c3ccc(C(*)=S)s3)cc2)cc1,361,3.7067,CCc1ccc(-c2ccc(OCC(=S)c3ccc(C(C)=S)s3)cc2)cc1
*CC(=S)c1ccc(C(=S)COc2ccc(-c3ccc(*)cc3)cc2)s1,361,3.7067,CCC(=S)c1ccc(C(=S)COc2ccc(-c3ccc(C)cc3)cc2)s1
*c1ccc(CC(=S)c2ccc(C(=S)COc3ccc(*)cc3)s2)cc1,361,3.7067,Cc1ccc(CC(=S)c2ccc(C(=S)COc3ccc(C)cc3)s2)cc1
*NC(=O)c1ccc(NC(=S)c2ccc(Nc3ccc(*)cc3)cc2)s1,362,2.5831,CNC(=O)c1ccc(NC(=S)c2ccc(Nc3ccc(N)cc3)cc2)s1
*Nc1ccc(Nc2ccc(C(=S)Nc3ccc(C(*)=O)s3)cc2)cc1,362,2.5831,CNc1ccc(Nc2ccc(C(=S)Nc3ccc(C(N)=O)s3)cc2)cc1
*C(=O)Nc1ccc(Nc2ccc(C(=S)Nc3ccc(*)s3)cc2)cc1,362,2.5831,CC(=O)Nc1ccc(Nc2ccc(C(=S)Nc3ccc(C)s3)cc2)cc1
*NC(=S)c1ccc(Nc2ccc(NC(=O)c3ccc(*)s3)cc2)cc1,362,2.5831,CNC(=S)c1ccc(Nc2ccc(NC(=O)c3ccc(N)s3)cc2)cc1
*Nc1ccc(C(=O)Nc2ccc(Nc3ccc(C(*)=S)cc3)cc2)s1,362,2.5831,CNc1ccc(C(=O)Nc2ccc(Nc3ccc(C(N)=S)cc3)cc2)s1
*C(=S)Nc1ccc(C(=O)Nc2ccc(Nc3ccc(*)cc3)cc2)s1,362,2.5831,CC(=S)Nc1ccc(C(=O)Nc2ccc(Nc3ccc(C)cc3)cc2)s1
*Nc1ccc(NC(=O)c2ccc(NC(=S)c3ccc(*)cc3)s2)cc1,362,2.5831,CNc1ccc(NC(=O)c2ccc(NC(=S)c3ccc(N)cc3)s2)cc1
*Nc1ccc(C(=S)Nc2ccc(C(=O)Nc3ccc(*)cc3)s2)cc1,362,2.5831,CNc1ccc(C(=S)Nc2ccc(C(=O)Nc3ccc(N)cc3)s2)cc1
*CCC(=O)OC(=O)Cc1ccc(-c2ccc(*)cc2)cc1,363,1.5387,CCCC(=O)OC(=O)Cc1ccc(-c2ccc(C)cc2)cc1
*CC(=O)OC(=O)Cc1ccc(-c2ccc(C*)cc2)cc1,363,1.5387,CCC(=O)OC(=O)Cc1ccc(-c2ccc(CC)cc2)cc1
*CCc1ccc(-c2ccc(CC(=O)OC(*)=O)cc2)cc1,363,1.5387,CCCc1ccc(-c2ccc(CC(=O)OC(C)=O)cc2)cc1
*OC(=O)Cc1ccc(-c2ccc(CCC(*)=O)cc2)cc1,363,1.5387,COC(=O)Cc1ccc(-c2ccc(CCC(=O)O)cc2)cc1
*OC(=O)CCc1ccc(-c2ccc(CC(*)=O)cc2)cc1,363,1.5387,COC(=O)CCc1ccc(-c2ccc(CC(=O)O)cc2)cc1
*Cc1ccc(-c2ccc(CCC(=O)OC(*)=O)cc2)cc1,363,1.5387,CCc1ccc(-c2ccc(CCC(=O)OC(C)=O)cc2)cc1
*CC(=O)OC(=O)CCc1ccc(-c2ccc(*)cc2)cc1,363,1.5387,CCC(=O)OC(=O)CCc1ccc(-c2ccc(C)cc2)cc1
*c1ccc(CCC(=O)OC(=O)Cc2ccc(*)cc2)cc1,363,1.5387,Cc1ccc(CCC(=O)OC(=O)Cc2ccc(C)cc2)cc1
*Nc1ccc(NC(=O)NONC(*)=O)s1,364,1.3385,CNc1ccc(NC(=O)NONC(N)=O)s1
*NC(=O)NONC(=O)Nc1ccc(*)s1,364,1.3385,CNC(=O)NONC(=O)Nc1ccc(N)s1
*NONC(=O)Nc1ccc(NC(*)=O)s1,364,1.3385,CNONC(=O)Nc1ccc(NC(N)=O)s1
*NC(=O)Nc1ccc(NC(=O)NO*)s1,364,1.3385,NONC(=O)Nc1ccc(NC(=O)NO)s1
*C(=S)C(=O)CCNc1ccc(C(=S)c2ccc(*)cc2)cc1,365,3.8901,CC(=S)C(=O)CCNc1ccc(C(=S)c2ccc(C)cc2)cc1
*C(=O)CCNc1ccc(C(=S)c2ccc(C(*)=S)cc2)cc1,365,3.8901,CC(=O)CCNc1ccc(C(=S)c2ccc(C(C)=S)cc2)cc1
*CCNc1ccc(C(=S)c2ccc(C(=S)C(*)=O)cc2)cc1,365,3.8901,CCCNc1ccc(C(=S)c2ccc(C(=S)C(C)=O)cc2)cc1
*CNc1ccc(C(=S)c2ccc(C(=S)C(=O)C*)cc2)cc1,365,3.8901,CCNc1ccc(C(=S)c2ccc(C(=S)C(=O)CC)cc2)cc1
*CCC(=O)C(=S)c1ccc(C(=S)c2ccc(N*)cc2)cc1,365,3.8901,CNc1ccc(C(=S)c2ccc(C(=S)C(=O)CCN)cc2)cc1
*NCCC(=O)C(=S)c1ccc(C(=S)c2ccc(*)cc2)cc1,365,3.8901,CNCCC(=O)C(=S)c1ccc(C(=S)c2ccc(N)cc2)cc1
*C(=S)c1ccc(C(=S)C(=O)CCNc2ccc(*)cc2)cc1,365,3.8901,CC(=S)c1ccc(C(=S)C(=O)CCNc2ccc(C)cc2)cc1
*C(=S)c1ccc(NCCC(=O)C(=S)c2ccc(*)cc2)cc1,365,3.8901,CC(=S)c1ccc(NCCC(=O)C(=S)c2ccc(C)cc2)cc1
*c1ccc(-c2ccc(C(F)(F)C(*)(F)F)s2)s1,366,2.7568,Cc1ccc(-c2ccc(C(F)(F)C(C)(F)F)s2)s1
*c1ccc(C(F)(F)C(F)(F)c2ccc(*)s2)s1,366,2.7568,Cc1ccc(C(F)(F)C(F)(F)c2ccc(C)s2)s1
*C(F)(F)c1ccc(-c2ccc(C(*)(F)F)s2)s1,366,2.7568,CC(F)(F)c1ccc(-c2ccc(C(C)(F)F)s2)s1
*OC(=O)C(F)(F)C(*)(F)F,367,2.9195,COC(=O)C(F)(F)C(O)(F)F
*OC(F)(F)C(F)(F)C(*)=O,367,2.9195,COC(F)(F)C(F)(F)C(=O)O
*C(=O)OC(F)(F)C(*)(F)F,367,2.9195,CC(=O)OC(F)(F)C(C)(F)F
*C(F)(F)OC(=O)C(*)(F)F,367,2.9195,CC(F)(F)OC(=O)C(C)(F)F
